USER,DATE,STAR,LIKE,TITLE,REVIEW
인호85,2022-07-23 19:32:05-07:00,2,0,Double-tap error after update,"After the recent update, the double-tap changes the page fit when I try to select words in text boxes.
It doesn't make sense.
Please fix this ASAP."
-더맨,2022-07-23 18:14:18-07:00,4,0,아예 밑줄이 직선으로 그어지지 않는게 아쉽…,"평소 굿노트 평소 정말 잘 쓰고 있습니다.
그런데 밑줄을 많이 긋느니라 밑줄 긋고 좀 기다려야 완전 일직선으로 되는데, 처음부터 기능을 선택하여 지금부터 긋는 선은 모두 똑바로 그어지도록 기능을 추가해 주시면 좋겠는데 어려울까요?"
초록이이리,2022-07-23 13:20:10-07:00,2,0,왜 이렇게 튕김현상이 심한가요,"렉이 너무 심해요ㅠㅠ̑̈ ㄱ,ㄴ,ㅇ 같은 한 획으로 쓰는 자음들 그냥 ㅡ 로 써져요 환장보스 ㄹ도 한번에 쓰면 펴져있는 ㄴ처럼 써지고.. 글자하나하나 2초씨구기다려가며 써요 속터져디져버려그냥 업데이트 했는데도 엄청 심해요 달라진게 음써음써"
띠여여영,2022-07-23 00:36:10-07:00,5,0,그리기도구 옆쪽으로 배치할수있는 기능은 안될까요?,가로로 쓸때 위쪽공간이 좁아져서 답답하네요
아아아내니져쟈,2022-07-23 00:01:33-07:00,4,0,부탁,"굿노트 때문에  갤탭이 아닌 아이패드를 산만큼 정말 잘 쓰고 있는 앱입니다. 위와 같은 기능이 개발되면 더 편할 것 같아요.
1. 원하는 색의 형광펜만 지우기
:형광펜만 따로 지우기는 가능한데 원하는 색의 형광펜만 지울 수 있도록 하면 좋을 것 같습니다,
2. 형광펜의 모양 다양화
: 형광펜의 모양이 둥근 버전만 있는데, 사각형등 더 다양했으면 좋겠어요"
lf0.r_ru,2022-07-22 07:08:37-07:00,1,0,오류좀 고쳐주세요,갑자기 왜이러죠 갑자기 가로선들이 손바닥 따라 쭉쭉 그이고 고쳐볼려고 패드도 껐다 켰다 펜슬도 재연결 굿노트 설정도 바꿔봤는데 안고쳐지네요 제발 오류 개선해주세요
ㅁㅁ알,2022-07-22 05:02:02-07:00,5,0,비밀번호 좀,비밀 번호 좀 설정할 수 있도록 해주세요.
dywryc,2022-07-22 05:00:45-07:00,4,0,어떤 기준을 두고 대칭해서 그릴 수 있는 기능이 있었으면 좋겠어요,필기할 때 좌우나 위아래 똑같은 모양을 그려야할 때가 있는데 일일이 그리기도 힘들고 올가미로 옮겨도 크기가 미묘하게 달라져서 신경쓰여요 ㅠ 어떤 기준 중심으로 데칼코마니처럼 그릴 수 있는 기능이 필요해요
좀 되라,2022-07-22 03:33:35-07:00,5,0,색 하나만 늘려주세요,보통 수업 들으면서 필기하는데 색 4가지 사용하는데 3개를 돌려가며 사용하니 약간 불편해요ㅠㅠ 색 하나만 추가되면 최고의 앱…
아임 리뷰어,2022-07-22 01:29:13-07:00,4,0,구매내역 복원,"아이폰이랑 연동해서 쓰기에 너무 편하고 좋아요
활용성도 좋구... 근데!! 아이패드로는 결제를 했는데 아이폰에서 구매내역을 복원하려고 하니까 자꾸 오류가 뜨는데 해결방법 있을까요🥺"
시현_SH,2022-07-21 23:14:38-07:00,3,0,하...,휴지통 비우기 전에 분명 폴더 두개를 복구시켰습니다. 휴지통 상에서 폴더 두개가 없어진것도 확인했고요. 필요한 자료라 따로 복구시키고 휴지통 비우기를 했는데 왜 복구가 안됐을까요? 그 어디에도 복구시킨 그 파일들이 없습니다.. 굿노트 그동안 잘 썼는데.. 하 지금 너무 답답하네요
박소다정,2022-07-21 21:17:38-07:00,4,0,잠금해제라고 왜 뜰까요?.,저는 아이폰 아이패드 연동해서 잘 쓰다가 문제가 생겨서 아이패드에 있는 굿노트를 지웠다가 다시 깔았는데 연동은 잘 됐는데 문서를 볼수만 있고 아이패드에서 사용하려면 지불하라네요...
블랙밀크티에 펄 세개만 추가,2022-07-21 20:05:41-07:00,5,0,파일이 모두 사라졌습니다,제목 그대로 제 파일이 모두 사라졌습니다 제가 삭제를 한 게 아니라 백업을 한 건데 모두 사라졌습니다 어떻게 하면 찾을 수 있을까요? 제 생각엔 사라진 게 아니라 제가 찾는 방법을 모르는 것 같은데 꼭 찾고 싶습니다
호두형님,2022-07-21 11:17:30-07:00,5,0,기화펜 기능 넣어주세요 제발,쓰고 30분~1시간뒤에 자동으로 지워지는 기화펜 기능 넣어주세요 제발
화이탕탕탕,2022-07-21 09:26:20-07:00,1,0,구매내역 복원이 안됩니다.,"이전에 구입해서 업데이트 사용하려는데
구매내역 복원 버튼 누르면 오류 뜬다고 하네요 
해결 바랍니다"
하야인,2022-07-21 07:45:48-07:00,5,0,검색기능이 있어서 너무 좋아요,"매일매일 기록하는 노트내용을
검색도하고 예쁘게 꾸미기도 하고
스캔해서 자유롭게 필기 할수 있어서 너무 좋아요

한가지 여쭤볼게있는데
굿노트 사용하면 
아이패드 배터리가 많이 소모가 되어서
애플수리하러 갔는데 굿노트 사용자 분들이
많이 온다고 배터리 이상이 아니라서
앱이 업데이트 되길 기다리시라 답변 받았거든요

혹시 배터리관련 업데이트 계획이 있으시거나
스스로 개선 할수있는 방법이 있을까요?"
Nook00000,2022-07-21 02:43:10-07:00,3,0,손글씨 검색기능 저하문의,"미니패드6에서 올해초부터 굿노트 사용하고있습니다.
굿노트를 이용하게된개기는 다이어리 용도로사용하면서 필기한내용을 검색할수있는 부분때문에 사용했는데 처음에는 그 기능이 충분히 만족스러윘습니다.
그런데 언제부턴가 예전에 검색이되던 필기문구가 검색이 안됩니다.
한글필기 검색기능이 예전만 못한이유가 있나요?
아니면 사용방법이틀린건가요? 답변 아니면 업데이트부탁드립니다."
어떡하실거에요,2022-07-21 00:24:45-07:00,1,0,진짜 소중한 내 필기들 왜자꾸 부분적으로 지워지나요 진짜 울고싶네,왜이런거에요 도대체 어떻게 보상해주실거에요 휴지통으로 간게 아니고 페이지는 남아 있는데 페이지속 내용이 다 지워지거나 부분적으로 필기한내용이 날아가고 패드는 한번도 꺼진적 없어요 어플 강종 한적도 없구요 지워진 부분만다시 적어 놓으면 며칠 뒤에보면 새로적은 내용들만 남아있고 나머지는 또 다 없어지고 답변주세요
규밥,2022-07-20 23:46:34-07:00,1,0,최적화 좀 어떻게 해보세요,앱 뭐만하면 리프레쉬되고 pdf내리면 튕겨서 한번 30페이지씩 올라갔다 내려갔다하고 필기오류는 또 엄청 심해서 뭐만하면 선 찍찍 생기고 이 불편사항이 1년은 된 거 같은데 고치려는 노력이 없는건가 근데 대체제가 없어서 쓰고 있는 내가 개돼지네 진짜
hkchebd,2022-07-20 23:31:23-07:00,1,0,23900원 결제,유료 버전 이용 위해서 9900원 결제하려고 했는데 23900원이 결제 되었어요. 이게 무슨 일인건가요. 점검 및 오류 시정 부탁드리고 오류 맞다면 환불처리 부탁드립니다.
조류러버,2022-07-20 23:29:18-07:00,5,0,맥북에 재설치 후 동기화가 안되고 있어요ㅠㅠㅠ,맥북에 재설치 후에 몇번이나 다시 해 봤는데 동기화가 진행이 안되네요ㅠㅠㅠㅠ 해결방법이 없을까요???? ㅠㅠㅠ
ejdowjen,2022-07-20 22:33:42-07:00,1,0,개선 시급,"요즘 왜이리 형편없어졌죠;;;; 노트내용들 날아가있고 실시간으로 지워지고;; 난리도 아니네요;; 보상이라도 받고 싶은 마음이에요 .. 하.... 카톡으로 전송하는 것도 중간중간 안되던데, 여기 리뷰들 보니 저만 그런게 아니였군요.. 노트면 제발 노트의 기본을 지켜주세요. 너무 화가 납니다."
ㅎㄹㅇㅇㅌ퐇ㄹㅋ푸,2022-07-20 19:54:23-07:00,4,0,보완사항 요청드려요,"굿노트 효율적으로 잘 사용하고 있고 너무 좋은 프로그램이네요😊
조금 더 보완 되었으면 하는 점 있어서 피드백드립니다 

- 페이지 회전 : 원하는 페이지(전체) 한 꺼번에 회전 가능했으면 합니다 
  페이지 한장 한장 회전하려니 불편하네요 
- 노트 그룹 : 유사한 노트 끼리 그룹이 가능하여 파일 정리가 수월했으면 합니다. 나열식이라서 노트가 많을 경우 원하는 문서 찾는데 어려움이 있어요

감사합니다 :)"
머라케싸,2022-07-20 18:44:00-07:00,2,0,노트4쓰다가,5다운받아 쓰는데 검색이 안돼서 앱 지우고 다시 4 쓰는중
오오메기떡,2022-07-20 07:19:21-07:00,5,0,사용중에 자꾸 종료됩니다,사용하는 도중에 꺼지고 사용하던 문서가 종료되서 다시 찾아야되고 불편합니다
아랭ㅇ거,2022-07-20 07:09:50-07:00,1,0,굿노트 오류,"정말 좋은 기능들이 많은 앱인데요,
저만 그런 건지 모르겠지만 오류가 계속 납니다.
글씨를 쓰고 다음 글씨를 쓸 때 선이 연결된다거나,
되돌아가기 버튼을 누르면 순서대로가 아닌 뒤죽박죽 지워져요.
그래서 너무 불편합니다.
앱을 삭제했다 깔아도 이러는데 도대체 왜 이러는 건가요?"
슈우우영,2022-07-20 07:00:51-07:00,4,0,잘 쓰고있는데ㅠ,"하이라이트나
펜 텍스트처럼 기능들이 매직키보드 단축키가 안 먹히네요ㅠ
오류 개선 부탁드려요."
잇응미,2022-07-20 05:48:19-07:00,4,0,열,아이패드 에어4쓰는데 문서도 별로없는데 계속 뜨거워지고 이 앱만 그러는데 앱이 문재인건가요?
쥬1221,2022-07-20 05:27:45-07:00,5,0,좋은데,타원 없앨 수 있는 기능 만들어주세요
씹더기,2022-07-20 05:16:28-07:00,4,0,폴더잠금은 왜 안되나요?ㅠ,굿노트 각 폴더잠금은 왜 안하시는지 궁금하네요 ㅠ
달려가야해,2022-07-20 02:42:07-07:00,5,0,문의사항이 있어요.,"먼저 귀사의 어플덕에 일을 하는데 훨씬 부드러워졌어요. 
감사히 잘 흐고 있답니다. 

귀사의 어플을 도면을 보고 기록하는데 쓰고 있습니다. 
현재는 pdf와 jpg로만 출력이 가능한데요. 
dxf또는 autoCAD사의 dwg 로 출력하고 싶습니다. 
기록물을 다시 도면화 하는데 소요되는 시간이 많고 dwg출력이 가능한 어플은 오류가 많더군요."
쒜잌잇,2022-07-20 01:30:01-07:00,5,0,내보내기튕김오류,애플펜 쓰면서 손가락 닿아도 찍 선 그어지거나 발열 까진 참겠는데 3-400페이지 넘어가는걸 필기하려고 어플 쓰는건데 pdf 내보내기가 안됩니다 20번 넘게 시도햇는데도 내보내기가 계속 튕겨요…
진.이,2022-07-20 00:33:33-07:00,5,0,너무 좋아요. 그런데 잠금 기능도 있으면 좋을 것 같아요!,"너무 좋아요!!
정말 대학생이라면.. 정말 유용한 앱입니다..
그런데 노트북 탬플릿에 잠금 기능이 있으면 좋겠어요!
여기에 일기도 쓰는 편인데 다른 사람이 볼 수도 있을 것 같아서 잠금 기능이 있으면 좋을 것 같다고 생각했습니다!"
swoogis,2022-07-20 00:11:38-07:00,3,0,오류,"잘 쓰고 있습니다. 

그런데 몇 주 전부터 페이지를 사진이나 pdf 형태로 메일로 보낼 경우 백지로 보내지는 오류가 생겼습니다. 

개선 요청 드립니다."
난숩,2022-07-19 20:20:27-07:00,1,0,지맘대로 지워져요,"지우지도 않았는데 글자 몇 개가 지워져있고 순서도 엉망이네요..
갑자기 왜 이러는거죠 ㅠㅠㅠㅠㅠ 업데이트 해주세요"
나는야아보카도,2022-07-19 07:19:17-07:00,1,0,업데이트 급합니다.,"작년부터 업데이트 안 하고 있다가 이번에 아이패드 바꾸면서 
업데이트 하면서 불편한 점들이 보여 댓글 남깁니다.
최근까지도 업데이트 전의 앱을 이용한만큼 불편함이 크게 느껴지네요.
오히려 업데이트 전이 좋은 것 같습니다.

1. 필기 끊김.
필기를 하다가 갑자기 끊겨집니다. 
뿐만 아니라 직선을 그은 후 올가미 툴로 이동할 때 
직선이 무한정으로 늘어납니다.
깜짝놀라서 올가미 툴을 해제하면 다시 원래의 길이로 변합니다.
직선의 시작과 끝이 알 수도 없게 무한정으로 늘어나서 그 상태로 이동하면 
다른 위치로 이동하게 됩니다.

2. 손바닥 인식 오류
아이패드에 손바닥을 밀착해서 필기하는 편이라 
손바닥 인식을 둔감하게 설정해놨습니다.
그럼에도 불구하고 손바닥 인식이 에민하게 반응하네요.
손바닥을 그냥 스치기만 해도 페이지가 다른 부분으로 이동됩니다.

3. 텍스트 박스 기본값 설정 오류
텍스트 박스 주로 이용하는 설정으로 기본값 설정했음에도 불구하고
마지막의 텍스트 박스 양식으로 기본값이 바뀝니다.
계속되는 기본값 설정이 오류납니다.
업데이트 전의 어플을 이용할 때에는 이런 오류는 전혀 없었습니다.

4. 페이지 복사 후 붙여넣기 오류
페이지를 복수 후 붙여넣기를 할 때 터치가 안됩니다. 
그래서 어플을 아예 나간 후 다시 들어와서 해야 가능합니다.
복사할 페이지에는 텍스트 박스 10개 정도 있었습니다.
필기처럼 용량이 큰 페이지면 이해가 되는데 
숫자만 적혀있는 텍스트 박스가 10개 정도 있었는데도 
페이지 복사 후 붙여넣기 오류는 심각하지 않나 싶습니다.

그동안 업데이트 전의 어플을 이용했을 때에는 이런 문제가 발생하지 않았고
발열 문제는 제 아이패드가 6세대라 버거운가 보다 했습니다.
하지만 지금 제 아이패드는 프로 5세대 임에도 불구하고 발열 뿐만 아니라
여러 문제들이 발생하고 있다는 것은 어플의 최적화와 기능의 오류가
존재하고 있지 않나 싶습니다.
뿐만 아니라 이런 문제는 저 뿐만 아니라 다른 분들도 존재하고 있는 것 같네요.
제대로 된 설명도 대처도 없으시고 씁슬합니다.
유료앱인만큼, 노트앱의 1등을 유지하고 계시는 만큼 그에 맞는 책임감을 보여주시길 간곡드립니다.
빠른 업데이트와 대처 부탁드립니다."
greeenyaa,2022-07-19 05:14:55-07:00,5,0,필기했던 게 없어지는 현상이 빈번합니다...,2년 전부터 잘 사용하고 있는데...최근들어 필기했던 것 중 일부분이 저장되어 있지 않고 사라져있어요ㅠㅠ심지어 방금 썼던 텍스트가 전부 지워지기도 하네요...이 부분 좀 수정해주세요...열심히 필기했는데 저장이 안 되면 노트를 쓸 이유가 없어요.
kcorn2,2022-07-19 02:45:04-07:00,4,0,?? why do i can't write korean???,"Good note is Good
but not perfect"
뚀기,2022-07-19 01:35:21-07:00,1,0,오류 어떻게 해결하나요...?,"지웠다가 다시 깔아보기도 했고 처음 구매 당시
로그인 했던 계정으로 해야한대서 다 확인도
했는데 구매내역복원이 전혀 안되고있어서
결제를 했는데도 못쓰고있어요
2천원 3천원도 아니고 만원돈인데 해결부탁드려요"
가르뫼,2022-07-19 01:03:02-07:00,1,0,백업도 안되고 내보내기도 안되요,"30MB 이상 pdf화일은 백업도 안되고 내보내기도
안됩니다
중요한 거라서…
오류 좀 잡아주세요"
minah....,2022-07-18 23:17:37-07:00,5,0,지우개오류 수정좀 해주세요!!!!,"지우개 오류가 아직 안고쳐져요. 지웠다가 다시 깔아도 안됩니다. 
화필이나 만년필은 괜찮은데 볼펜은 지우개로 지워도 
마지막획은 항상 안지워져서 두번 지우개 클릭해서 지워야해요
그래서 볼펜은 잘 못쓰고있어요. 
저번에도 올렸었는데 아직 개선이 안되네요
빨리 수정해주세요~!!"
열매맘👍,2022-07-18 21:00:02-07:00,5,0,기능요청,"안녕하세요 굿노트를 너무나 잘 이용하는 직장인 입니다.
기능요청 부탁드리고자 합니다
1. 형광펜 투명도 조정기능
   - 암기공부 시 형광펜( 투평도0)으로 가리고 보기위함
2. 녹음기능
   - 회의록 작성시 필요

반영요청 부탁드려요"
한혜콩,2022-07-18 19:50:35-07:00,5,0,검색기능 오류,검색 하려고 하면 나가지네요
날뛰순,2022-07-18 19:47:21-07:00,1,0,확대시 글자가 다 깨져요 픽셀화 돼요,관리좀 해주세요ㅠㅠ유료앱이잖아요
ㅗㅎㅇㅅㅎㄹㅎ,2022-07-18 18:40:24-07:00,5,0,검색 기능 개선 부탁드립니다,"안녕하세요

문서에서 ""3만""이 들어가 있는 문장을 검색하고 싶은데
""3만""으로 검색하면 ""만""자가 들어간 모든 것이 검색됩니다.
10만 110만 이것만 저것만 만기일 등등,,,
이거 꼭 좀 고쳐주세요."
열혈참새,2022-07-18 14:46:12-07:00,5,0,가격이 비싼거 빼고는 다 만족합니다,가격이 비싼거 빼고는 다 만족합니다 특히 노트북 패드 다 따로 구매 해야 한다니 ㅠㅠ 생각보다 출혈이 크네요
무봉이,2022-07-18 07:02:22-07:00,3,0,문서 공유,"무료버전 사용할 때 공유한 문서는 잘 사용 중인데
결제를 하고 난 뒤에 문서를 공유를하면 상대방에게 공유가 안 돼요. 상대방이 열리지 않고 보낸 사람에게 설정을 하라는 메세지다 나온다는데 왜 그런 것인지"
입시경쟁의 고등학생,2022-07-18 04:47:21-07:00,5,0,제발 도와주세요.. 진짜 중요한 거예요..,어제 제가 아이패드 비밀번호를 잊어버려서 어쩔 수 없이 초기화를 시킬 수 밖에 없는 상황이었어요.. 아이패드에 있던 다른 것들은 몰라도 모든 수행평가 자료들과 중요한 필기본들이 굿노트에 있는지라 굿노트 만은 앱을 새로 깔았을 때 복원되길 바라는 마음으로 아이패드에 앱을 새로 깔았는데 정말 하나도 남김 없이 싹 다 지워져있더라고요.. 저 입시를 앞둔 고등학생으로 자료 하나하나가 정말 중요합니다.. 제발 어떻게 좀 안 될까요 부탁드립니다 개발자님.. 모든 자료가 굿노트에 있었어요.. 복원할 수 있는 방법이 없을까요..? 진짜 중요해서 그래요.. 제발 전에 깔려있던 굿노트의 자료들 복원 좀 도와주세요..
sjeobr,2022-07-18 02:22:24-07:00,1,0,확대 코멘트 뜨는거 사라지게 해주세요,제발 짜증나서 못쓰겠으니깐
은혜모르는까치,2022-07-18 01:37:41-07:00,5,0,엉엉엉 다날라감 ㅠㅠ,백어어어어어어어어뷰ㅠㅠㅠ 안함 ㅠㅠ
alphabona,2022-07-18 01:27:18-07:00,4,0,최근 펜 너무 끊겨요,빠른 업데이트 부탁드립니다
스ㄹr,2022-07-17 22:26:12-07:00,1,0,발열,와 여름에 손난로 들고 다니는거같음 굿노트만 쓰면 아이패드가 열받아서ㅜ나도 열받을거같음
자퍼스,2022-07-17 18:54:29-07:00,5,0,화면 하나에 두장 보게해주세요,학생인데요. 책처럼 오른쪽 왼쪽으로 2장 다 보게 해주시면 편할거 같아요 문제 푸는데 왔다갔다 넘기기 힘들어요
귇뜨루,2022-07-17 07:08:22-07:00,1,0,최악,선 지멋대로 그어지냐
아쫌가자,2022-07-16 11:55:33-07:00,4,0,점선 펜 기능 좀 추가해주세요,점선 펜 필요합니다 ㅠ.ㅠ
아류유,2022-07-16 04:12:13-07:00,2,0,아이폰으로 볼 때,아이패드에서 작성하고 아이폰으로 (icloud)연동해서 보면 글이 다 겹치고 이상하게 보여요..ㅜ
zzㅔol,2022-07-16 01:40:36-07:00,2,0,유료어플인데 퀄리티가;,요즘들어 필기하다 지 멋대로 막 그어지는 현상이 빈번하네요. 유료어플이면 그 값은 해야되는거 아닌가요
달빛커튼,2022-07-16 00:16:16-07:00,5,0,맥북에서 텍스트박스 입력이 가능한가요?,기능을 찾을 수가 없네요.
yaal65,2022-07-15 23:54:27-07:00,3,0,다양한 클라우드를 통한 자료연동요청,모든 메모기능은 최상으로 멋진앱인것은 확실합니다. 그러나 자료연동을 위한 클라우드가 icloud로 제한되어있어 가능하다면 다른 클라우드서비스를 통해 연동이 되도록 개선해 주시기 바랍니다.
천국의 예배자,2022-07-15 23:12:56-07:00,5,0,good~,very good
아냐냍,2022-07-15 16:45:43-07:00,5,0,굿노트 진짜 경각심을 느껴야합니다,"1. 확대하면 백지화 및 뿌얘짐
2. 터치오류 심각
3. 큰 용량을 요하는 작업을 하는 것도 아닌데 튕김

메모앱에 위와 같은 문제들이 오랫동안 개선안되고 있는건 정말 심각한 상황인 것 같습니다.
현재까지는 메모앱 시장에서 1위지만 이런 문제들이 개선되지 못한다면 사용자들은 머지않아 떠날듯 합니다.

필기하다가 계속 튕기고 터치오류땜에 너어어어어어무 스트레스받아서 글 남깁니다."
randomyyy,2022-07-15 11:32:09-07:00,3,0,2페이지 보기 해주면 대체제 없는데 왜 안만듦?,2page view (looks like a book) service plz!!!
가나다라마리오,2022-07-15 02:47:43-07:00,1,0,"필기 끊김 현상, 제멋대로 그어지는 선, 정말 화나네요","지난 1년간 굿노트 정말 잘 사용했습니다. 정말 신세계였어요. 한번씩 필기가 끊기고 튕기는 현상은 있었지만 그 단점들이 무시될만큼 편했습니다. 근데 최근 업데이트 된 이후로는 단 한 자도 쓰지 못할정도로 선이 마음대로 그어져서 정말 너무 화나네요. 말 그대로 갑자기 자기 맘대로 점이 찍히거나 수평, 수직으로의 선 생김, 애플 펜슬과 접촉하지도 않았는데 가까이만 다가가면 그럽니다. 제발 빨리 수정해주세요. 너무 스트레스받아 리뷰 남깁니다. 

한치의 과장 없이, 자음 하나 모음 하나 적을때마다 2,3개의 선이 생깁니다. 제발 수정해주세요."
imintuins,2022-07-14 19:16:18-07:00,5,0,두 쪽 보기가 가능해지기를,두 쪽 보기가 가능해지기를 간절히 바랍니다!
ㅡㅡ?ㅡㅡ?ㅡㅡ?,2022-07-14 18:43:07-07:00,4,0,포스트잇,다 너무 좋아요. 다만 포스트잇 기능 좀 추가해주세요. 기존 포스트잇은 그 위에 글은 쓴 뒤 수정을 위해 일부 지우면 포스트잇 뒤 필기까지 다 지워지더라구요.. 포스트잇이라기 보다 그냥 스티커 개념 같아요. 필기를 위한 어플에 꼭 필요한 개선점이라고 생각됩니다.
! 검색 만족도 피드백 !,2022-07-14 09:10:19-07:00,5,0,좋아요!!,근데 형광펜 네모낳게 각지게 해주실수 없나요
쪼로롱밥,2022-07-14 03:46:52-07:00,4,0,펜슬 종류 추가 됐으면 좋겠어요,20년도부터 사용했었는데 필기감 때문에 사용 안 하다가 최근에 다시 써보는데 여전히 개선 된 점은 없네요... 아이폰 메모장에 기본 연필 종류라도 추가 되면 참 좋겠습니다.
맠걸리와 런전,2022-07-14 01:18:05-07:00,1,0,개발자님 이거 왜이러는건가요 ㅠㅠ,아니 피디에프 변환할 때 계속 같은 문서만 반복해서 나와요….. 50p 인쇄했는데 초반에는 잘 되다가 3p부터 끝까지 같은 페이지만 나왔어요. 확인해보니 pdf 변환이 그렇게 된 거더라구요 아이패드를 껐다가 다시켜도 다른 문서를 변환시켜도 다 똑같아요
_꾸꾸_,2022-07-13 22:41:23-07:00,2,0,발열 + 중간에 튕김 + 필기오류 = 총체적 난국,"ㅋㅋㅋㅋㅋㅋㅋㅋㅋ 공부하려고 굿노트 쓰는데 진짜 쓸때마다 짜증남. 왜때문인지 발열은 계속 심해지고, 열 올라오면 중간에 글쓰다가 매우 빈번하게 갑자기 꺼짐. 그동안 써왔던 자료들이 다 굿노트에 있어서 그냥 쓰고있는데,, 유료라는게 너무 아까움 ㅠ"
아아앙아나자나,2022-07-13 18:16:38-07:00,1,1,Pdf 보내기하면 게속. 튕겨요,이거어케해결하나요.¿
엄사랑꾼,2022-07-13 06:32:08-07:00,4,0,영어단어 뜻 검색 기능,굿노트로 공부하고 있는 학생입니다. Pdf 논문을 읽다가 모르는 단어가 나올때마다 구글검색으로 넘어가서 찾고 돌아오는데 굿노트에서 문서상에서 바로바로 간단한 뜻을 검색할 수 있는 기능이 있으면 좋을것 같습니다.
원래안그랬는데,2022-07-13 06:12:37-07:00,1,0,오류 너무 많아요.....,공부양이 많은데 오류가 너무 많아서 불안해요 유료어플인데 왜그러시는거죠 ㅠㅠ
망고앤아보카도,2022-07-13 03:43:21-07:00,1,0,30초이상 사용이 불가능해요,"쓰고 있으면 30초도 안되서 꺼지고 다시 켜서 쓰고 있으면 또 꺼지고.... 진짜 너무 스트레스 받아요
도대체 왜이러는거에요???"
kjs5108,2022-07-13 01:22:49-07:00,2,0,굿노트4 ??? 일때 결제를 했는데 5로 바꾸고 업데이트 하니까 연동이,"제가 몇년전에 굿노트4일때 유료결제를 해서 이걸 사용중이었는데 이번에 기계 싹 바꾸면서 새로 앱을 여니까 굿노트5 로 바뀌면서 전부 구매내역이 날아갔더라구요. 굿노트4는 아예 다운이 안되고ㅠㅠ 이거어떻게 구매내역 업데이트 시키나요? 굿노트4는 앱스토어에 아예 없구,,, 5는 구매내역 복원도 안 되서 계속 결제창만 뜨구요.."
한국어 문자 검색,2022-07-13 00:55:55-07:00,3,0,문자 색인,예전에는 잘 됐었는데 업데이트 이후에 굿노트로 불러온 문서에서 한국어 문자 검색이 안됩니다. pdf어플에서는 검색이 되는 걸 보니 파일 자체의 문제는 확실히 아닌 것 같은데 굿노트에서만 검색이 안돼서 너무 불편해요ㅠㅠ영어는 또 검색이 되던데 한국어만 갑자기 인식을 못하네요. 오류 수정 부탁드립니다.
Joen.suii,2022-07-12 21:53:36-07:00,3,0,자꾸 꺼져요,"필기인식 느린것과 지우개 버벅거림, 올가미툴 오류 등등도 문제지만 필기하다보면 혼자서 자꾸 어플이 꺼져요 쓰던내용이 다행히 남아있기는 하지만 너무 불편해요 4가 더 나은것 같은데 5에 있는 노트들을 옮길 방법이 떠오르지 않아 우선 불편한데로 쓰고 있네요 오류들 좀 개선해주세요"
피키러뷰,2022-07-12 21:08:04-07:00,3,0,Good,great app
xxuei_,2022-07-12 17:39:29-07:00,3,0,키워드 검색기능이 이상해요,"다 괜찮다고 생각하고 사용하는데 꼭 굿노트 안에서 일어나는 검색기능이 느리거나 오류가 너무 심해요. 키보드를 잘 인식 못하는것 같고, 단어 불러 들이는 속도가 느리다 못해 더뎌져요. 그리고 텍스트 크기 조절하는것도 손쉽게 가능하게 수정부탁드려요. 택스트 입력부분에서 아쉽다고 생각하는 앱인것 같아요."
민영이양,2022-07-12 08:18:48-07:00,4,0,휴지통 오류,제발 휴지통 비울 수 있게 좀 해주세요 비우고 싶어도 클릭해도 계속 안 지워지고 있어요 하..
hnz227,2022-07-12 07:24:17-07:00,1,0,오류 개선좀 해주세요,"저장공간 다 찼다길래 문서 지우려고 하면 휴지통 기능이 안먹음. 그러면서 비우라는 알림은 한 10초 간격으로 오는듯
그리고 문서 지우고 오면 왜 그동안 한 필기가 다 날아가있죠?"
부부부부두,2022-07-12 07:21:58-07:00,5,0,가장 애정하는 앱입니다!,모든 부분에서 저에겐 가장 완벽한 앱입니다! 단지 딱 하나만 아쉬운 부분이 있는데 지우개에서 형광펜만 지우기 기능이 있는 만큼 펜만 지우기 기능도 있었으면 좋겠어요..!!! 말고는 2년째 사용하며 불편한점은 못 느끼고 있습니당!
영콩쓰,2022-07-12 04:38:41-07:00,1,0,오류가 너무 많아요.,"오류가 너무 심각해서 앱을 사용하기 어려운 수준입니다. 한 획을 그을 때마다 획이 끊겨서 쓰여서 필기를 할 수 없습니다. 필기앱에서 필기를 못하면 도대체 뭘 해야하는거죠? 예전부터 꾸준히 이런 문제 있어왔던 것으로 아는데, 수정하지 않는 모습이 답답합니다. 개선되지 않는다면 다른 앱을 쓰는게 훨씬 나을 것 같습니다."
미니언 즈,2022-07-12 00:26:41-07:00,1,0,굿노트 공유가 안돼요,공유가 안돼서 친구랑 공유를 못해요. 링크 공유 빨리 고쳐주세요
난나늬뇨늬냐니너,2022-07-11 22:48:18-07:00,3,0,동기화속도,동기화 속도가 너무 느립니다. 몇일씩 걸리는 건 좀...
뚜뚜난나,2022-07-11 20:23:15-07:00,1,0,자꾸꺼짐,자꾸꺼지고 폴더창으로 튕겨져 나옴 …..ㅡㅡ
쿠크다스7777,2022-07-11 17:58:31-07:00,5,0,윈도우에서 펜 색상 팔레트,새로운 윈도우를 생성하면 기존 윈도우에서 제가 쓰던 팔레트에 저장된 색상들이 뜨지 않아요. 설정에서 바꿔야 하는건가요??
Soonhwan,2022-07-11 08:52:31-07:00,1,0,폴더 혹은 작성한 파일잠금,말 그대로 폴더 혹은 파일 선택 후 잠금기능 원합니다
보카천팔백,2022-07-11 08:02:39-07:00,4,0,파일 열리는 위치 오류 있어요,외부에서 파일을 가져오면서 분명 파일 위치를 지정해 줬는데도 전체 document로 이동합니다 ㅠ 수정좀요
굿노트 편하고 좋습니다 오류만 개선 좀 부탁해요,2022-07-11 05:45:30-07:00,1,0,오류,"어플에 바로 바로 오류신고 할 수 있는 기능이 있으면 싶네요
요즘들어 한획이 안 그어지는 오류가 좀 많이 보입니다
원래안 그랬는데 그ㄹㅓ네요 노트가 많아지면 그러는건지 저장량이 많아지면 그러는건지 빠른 개선이 있으면 합니다 매번 하나씩 안써지니 여간 불편해야죠 그리고 갑자기 화면이동이 안되는 오류도 가끔씩 생기는데 점차 자주 생기려 합니다 버튼이 다 먹히는데 펜 바꾸기도 다 되는데 화면만 고정이 되버려요"
짱뜔찡묻,2022-07-11 05:31:45-07:00,2,0,낱장이 떠요.,"굿노트 사용하고 있는데요, 지금도 오류가 생겨서 여기다가 얘기 해야겠다 싶어서, 들어왔는데요. 언젠가 부터 오류나서 어플 껐다가 다시 킬 때, 낱장이 떠요. 파일들 모여 있는 전체 화면이 뜨는게 아니고, 두개 화면 켜서 사용할 때 썼던 다른 한 화면이 뜹니다. 진짜 너무 불편해요. 오류나서 끄면 빨리 켜야 하잖아요. 오류는 날 수 있지만, 다시 켤 때 적어도 원래 작업하던 그 화면이 뜨던가, 폴더 모여있는 가장 처음 화면으로 뜨던가… 그게 아니라 두 개 화면 켜서 사용할 떄 썼던 화면만 뜨고 왼쪽 상부에 눌러서 나가서 원래 작업하던 파일을 찾고 싶어도, 엑스 표시만 뜨고 계속 껐다 켰다를 반복해야 뜹니다. 왜 이런지 이유도 모르겠고. 오류가 언젠가 부터 났는데 진짜 진짜 너무 불편해요. 고쳐주세요.ㅜㅜㅜ"
주호아빠,2022-07-11 03:09:20-07:00,5,0,노트필기용으로 잘쓰고 있습니다.,"회사 업무노트용으로 매우 잘 사용하고 있습니다. 기능도 충실하고 활용도가 매우 높습니다.
다만 하나 아쉬운것은 필기감이 노트앱보다 조금 떨어지는것 같습니다. 근데 다른 필기앱들도 노트앱수준의 필기감을 보여주는 앱은 없는것 같긴합니다. 필기감만 더욱 개선되면 독보적인 앱이 될듯"
yyyy5559982,2022-07-11 00:33:35-07:00,5,0,최근오류,필기내용 서치가 안됩니다!! 잘되다가 안되는걸보니 업데이트 중에 문제가 있지 않았나 싶네요 ㅠㅠ 빠른 시일 내에 고쳐주시길 바랍니다제발요
굳note,2022-07-11 00:22:01-07:00,2,0,오류 수정 언제 되나요?,너무 튕기네요 ㅠㅠ 하루에 최소 10번은 어플이 갑자기 꺼집니다...
아쿠아재생끊김,2022-07-11 00:13:50-07:00,1,0,잘사용하고 있었는데!!!!!,"아 ㅠ 이걸로 중요한 자료들 다 학습중이었는데 
얼마전에 뭐 로딩같은 걸 오래도록 하더니
지금 열어보려는 자료 속 text가 전부 “……”이렇게 점으로 바뀌어 있어요
도대체 이거 무슨 오류랍니까! 복구 안되는거에요? 하 ㅠ 
진짜 별 5개 아깝지 않다고 생각했는데 별 하나도 아까워져버리는 거 한순간이네요ㅠ"
주갤러,2022-07-10 20:53:15-07:00,5,0,[요청사항] 텍스트 줄간격,"텍스트 줄간격을 텍스트 작성할때마다 세팅값이 항상 초기화 됩니다.
줄간격 세팅도 한번 저장해놓으면 저장된 값 계속 고정되게 해주세요.

텍스트 입력 할때마다 줄간격 계속 고쳐야 하는게 너무 짜증납니다."
소리 안 나네,2022-07-10 01:25:11-07:00,3,1,앱 구동이 정말 별로,"필기 검색 한 번 하려면 아주... 렉이 어마어마 한 글자씩 인식되면 검색 의미가 있나 단어 단위로 인식해서 검색을 해야지 ‘생산적’이라는 글자를 검색했을 때 생, 산, 적, 세 글자 중 하나만 들어가면 다 인식되어 버리네… 검색할 때 렉이 무엇보다 제일 심함;;;"
세라수96,2022-07-10 00:05:55-07:00,4,0,팔레트 색상 3개 -> 5개로 늘려주세요,"볼펜, 형광펜 색상 팔레트 탭 3개 -> 5개로 늘려주세요!!! 줄칠 때 색깔펜 최소 5개는 쓰는데 매번 2번씩 터치해서 바꿔주기 귀찮아요ㅠㅠ 굵기 정하는 부분 오른쪽에 여백도 충분하던데 5개로 늘려주세요 제발! 어려운 일 아니잖아요…!!ㅠㅠ"
그리 많지는 않아요,2022-07-09 21:12:55-07:00,4,1,검색기능 오류요,"굿노트 내에서 그동안 잘 되던 단어 검색 기능이 아예 안됩니다…
해당 단어를 꾸욱 누르면 ‘확대, 코멘트’ 라는 설정밖에 안나와요…."
이렁냐녀,2022-07-09 20:45:02-07:00,4,0,잠금기능!!!🔒🔒,"잠금기능 만들어주세요! 
일기를 쓸때나 중요한 문서를 작성할 때, 꼭 필요합니다!
더욱이 공용으로 기기를 사용하는 경우가 있기 때문에 잠금기능 꼭 만들어주셨으면 합니다
잘 쓰고있어요:)"
ㄴㄷㅇㅎㄱㅈㄴ,2022-07-09 07:45:11-07:00,1,1,확대시 화면 깨짐,"스캔한 문제집 확대해서 필기하려고 하면 하얗게 되어 아무것도 안보입니다

몇 번째인지 
강의 흐름깨지고 오류 좀 고쳐주세요"
dqulad,2022-07-09 02:47:54-07:00,1,0,오류 수정 제발,이렇게 심한 오류는 처음봐요 그리지 않은 선이 자꾸 그려져서 너무 화가납니다. 한 두번도 아니고 계속 그러네요. 왜 수정을 못하는 건지... 다시는 안 쓸 거예요.
Psychoseahorse,2022-07-08 21:12:33-07:00,4,0,Bugs,"- somtimes undoing is not possible(cmd z), if this happens, I have to go back(<) and click my note again to make 'undo' work again.
- saving a preferred line spacing to Default(Text Styling-Save as Default) is impossible
- if I click   or - of Paragraph line spacing, it changes by only 0.01pt which is really uncomfortable and annoying.
- If I change the weight of a font, line spacing is not maintained and it automatically turns into 'auto' line spacing"
동영상상,2022-07-08 06:12:44-07:00,1,0,더 쾌적한 성능을 위해 라이브러리 준비중이 계속 떠요,"더 쾌적한 성능을 위해 라이브러리 준비중이 계속 떠서 앱을 못쓰고 있습니다,,, 빨리 고쳐주세요,,,"
돌thㅣ,2022-07-08 05:28:28-07:00,1,0,굿노트 별로에요,굿노트 공유가 안 돼요 오류 고쳐주세요
노타빌리티 개발자 능력 부족인듯,2022-07-08 04:31:38-07:00,1,1,이 시발련은,어떻게 맨날 팅김?20분에 한 번은 팅기는거 같음
우후훗1432,2022-07-08 03:52:31-07:00,3,0,문서 공유시에 발생하는 문제가 1년째 수정되지 않고 있네요.,"사람 A와 사람 B가 공유문서를 같이 작성하는 경우...

실시간으로 업데이트가 되기는 하는데요...
A가 작성한 메모를 B가 지우는 경우에 
A의 노트에는 B가 지운 것이 반영이 되질 않습니다. 
결국 공유노트임에도 A의 노트와 B의 노트는 서로 다른 것이지요...

A가 작성한 메모는 A만 수정해야하고 
B가 작성한 메모는 B만 수정해야하니...
공유의 의미와 활용도가 크게 떨어집니다...

빠른 업데이트 부탁드립니다.
감사합니다."
로미1068,2022-07-08 02:12:38-07:00,4,0,잠금이 따로안되나요 ?,"다이어리도 쓰고 . 매모도하는데 ..
잠금 기능이 없네요 ...?"
어나ㅓㅇㅇ,2022-07-07 22:56:54-07:00,5,1,다 좋은데요,엄 청 오래 잘 쓰고있는데요 하나만 부탁드리겠습니다. 텍스트 줄간격 조정할 때 좌우 슬라이드 말고 숫자 입력할 수 있게 해주세요 이것때문에 텍스트 복붙 할 때마다 줄간격 조정하는 거 진짜 너무너문머ㅜ너무 불편해요!!!!!!!!!
ㄹㅇ알수없음,2022-07-07 22:09:13-07:00,1,1,확대를 못합니다,"좀만 확대해도 픽셀 다 깨지고, 사진 붙여넣기할때 2번에 한번은 오류나서 빈칸만 뜹니다. 렉걸려서 튕기는경우도 많고요.
전에는 이정도까진 아니었는데 왜이러나요?"
홈매트모기박멸,2022-07-07 20:34:44-07:00,5,0,"점선추가, 페이지 지우기 여러장선택","점선도 추가해주세요 ㅠㅠ,,,요청하시는분들 많네요
그리고 필기한거 페이지지우기할때 여러장 지울수있게 해주세용 ㅠ매번 필기하고 한장씩 지우니 너무오래걸려요ㅜ"
shdifjwinefkm,2022-07-07 19:58:40-07:00,2,0,올가미 온디맨드 리소스 누락 오류 어떻게 처리하나요,오류가 해결되지 않습니다. 방법 알려주세요
ㅓㅐ아엉,2022-07-07 19:57:33-07:00,3,1,사용중 종료,"필기중에 자꾸 꺼져요.  처음엔 별로 안심했는데 요즘은 하루에 몇십번은 굿놑노트 혼자 꺼집니다.
뭐가문제인지 알아야 해결할텐데 오류면 수정부탁드리고, 아니라면 무슨문제인지 확인좀 부탁드립니다."
ㅏㅓㅏㅏㅓ,2022-07-07 07:07:07-07:00,1,0,진짜 오류 개빡치네요,쾌적한 라이브러리를 위해 준비중 이 표시가 뜨더니 쾌적해지기는 개뿔 원래대로 안돌아와서 지웠다가 다시까네요
syi90,2022-07-07 03:12:51-07:00,1,0,라이브러리 준비 중 해결밥,더 쾌적한 성능을 위해 라이브러리 준비 중이라고 뜨고 화면이 계속 안넘어갑니다. 내일 시험인데 황당하네요. 기기 자체를 껐다 켜도 그대로... 어떻게 해결하죠?
줌연맘,2022-07-07 02:51:37-07:00,1,0,여러분 업데이트 도중에 렉걸린다고 함부로 어플 재설치하지마세요,주기적인 백업을 하신게 아니라면 그동안 해놓은 필기 모두 삭제되고 복구 불가능합니다.. 제 3년간 공부자료 방금 날아갔어요
Fjjfkkfnjd,2022-07-06 22:47:34-07:00,1,0,니들이 보상해,"어플 문제로 자료 다 날라갔는데 니들이 보상해야 하는 거 아니냐

가만 안있을 거다"
으누누,2022-07-06 22:41:55-07:00,4,0,연필 필기구 만들어주세요ㅠㅠ,"완전 다 좋은데 필기구가 다양했음 좋겠어요 
연필 필기구 좀 부탁드립니다"
온베르,2022-07-06 22:18:26-07:00,5,0,요청사항,줄간격을 특정 페이지 내에서 고정할 수 있으면 좋겠어요:) 줄노트 속지 사용 중에 설정하면 바뀌고 설정하면 또 바뀌고 그래서 불편해요😭
또랭또랭,2022-07-06 22:03:05-07:00,5,0,안녕하세요 한참 잘 쓰고있는유저입니다 ocr관련해서 문제가생겼어요,어느순간부터 ocr문서들이 그림으로만 인식합니다. 꾹눌러서 번역기능을 참 잘썻는데요 ㅠㅠ파일이 문재인건지 굿노트어플문제인건지 아무리찾아봐도모르겠어요..답변부탁해요 ㅜㅜ 왜 갑자기 됐다가 안됐다가 할까요ㅠ? 어제는 또 됐었어요 잠깐ㅠㅠ
정크크,2022-07-06 20:01:36-07:00,5,0,부탁드리고 싶은 사항이 있습니다.,"1년 전. 아이패드를 사고 나서 굿노트를 이용하게 되었는데 너무 유익하고 잘 사용하고 있습니다. 

다름이 아니라 블루투스 키보드를 이용하여 텍스트를 입력할 때 다른 앱을 잠깐 사용하고 돌아오면 텍스트 입력이 되지 않는 오류가 있습니다. 계속 앱을 종료시키고 다시 실행하고는 있으나 이 부분이 개선된다면 저뿐만 아니라 다른 사용자들도 큰 도움이 되리라 생각합니다.

날씨 더운데 건강 유의하세요. 감사합니다.^^"
귀찮은리뷰어,2022-07-06 18:46:18-07:00,2,0,카카오톡으로 보내기가 안돼요…,보내기에서 카카오톡을 누르면 자꾸 튕겨서 보내기 누르기 전으로 돌아옵니다 빨리좀 고쳐주세요
dssfs,2022-07-06 16:54:26-07:00,5,0,To Goodnotes,I love using goodnotes it makes me happy when I draw and it's really good for teaching. Something like autiidraw would be good too.
업데이트좀제발,2022-07-06 16:45:09-07:00,1,0,업데이트 후 갑자기 용량이 3배이상이 증가함 치명적오류,"80기가 정도 였는데 하루만에 갑자기 230기가 를 차지 하게되어서 
용량문제가 심각하네요 갑자기 왜이런건지 치명적인 오류같은데 확인바랍니다"
x분의 y — 탄젠트 함수,2022-07-06 07:34:27-07:00,3,0,퍼포먼스 저하,"앱 퍼포먼스는 포기한 것 같습니다. 사용 중이 아닐 때도 백그라운드에서 열심히 돌아갑니다. 아이패드에서는 발열도 심하고 배터리를 너무 많이 씁니다. 맥에서는 CPU 10% 이내로 지속적으로, 꾸준히 사용합니다.
이제는 아이패드가 없어서 삭제하고 텍스트 기반의 노트 서비스만 사용하게 되네요. 아이패드가 다시 생긴다고 해도, 굿노트를 다시 쓰기는 망설여질 것 같습니다. 스타일러스 기반 노트 앱 중에서 이걸 대체할 만큼 좋은 앱이 없다면 다시 쓰게 될지도 모르겠네요. 대학 시절의 절반 동안 잘 사용했습니다."
김새우꼬리,2022-07-06 06:52:10-07:00,3,0,4,업데이트 한뒤로 그 전에 있던 중요한 문서랑 파일들이 날라갔어요 ㅠ 이거 복구 못하나요
노오오잉아야,2022-07-06 06:32:17-07:00,4,0,스크롤 오류,아무런 문제없이 잘 사용중이었는데 요새들어 스크롤만하면 페이지가 열페이지씩 위아래로 갑자기 건너뜁니다. 수정부탁드려요.
창써늬,2022-07-06 03:44:37-07:00,5,0,사용이 편리해요,노트사용이 편리하고 좋아요
sabinama,2022-07-06 03:09:37-07:00,3,0,쾌적한 성능 위한 라이브러리 준비,를 한시간째 하고 있어요… 앱을 꺼봐도 기계를 꺼봐도 아무 소용도 없고ㅜㅜ 지금 그 안에 있는 문서들 봐야 하는데 아무것도 못하고 있어요. 빨리 고쳐주세요 제발ㅜㅜ
츄젼,2022-07-06 01:57:10-07:00,5,0,리뷰,오늘 업데이트 이후 저만 계속 라이브러리 정리중인가요? 4년가량 평소에 잘 쓰고 있습니다. 근데 파일을 볼 수 없어 매우 큰일인 것 같아 리뷰 남깁니다.
단아_DanA,2022-07-06 01:36:12-07:00,2,0,업데이트 오류,"업데이트 이후(22.07.06.) ""더 쾌적한 성능을 위해 라이브러리 준비중...""만 뜨고 더 이상 진행이 되지 않습니다."
hm0106,2022-07-05 21:51:09-07:00,4,0,펜 종류 늘려주세요.,색연필 하나 만이라도 추가되면 좋을 것 같습니다. 좋은데 펜 종류가 너무 적네요.
로월ㅇ고콬,2022-07-05 16:37:46-07:00,1,0,검색 왜 이래요?,"굿노트 검색 기능 있잖아요. 내가 필기한 거 찾아볼 수 있는..
한 글자는 찾아지는데 두 글자부터 다운됩니다.
그냥 한 음절 치고 두 번째 음절 초성 누르는 순간 앱이 꺼져요.
이거 어떻게 해야 돼요?"
피알삼엪삼알,2022-07-05 15:39:21-07:00,3,0,페이지 스크롤,"스크롤하면 페이지가 멋대로 이상한 페이지로 넘어갑니다. 
다른 앱에서는 아무 문제 없는 애플펜슬인데, 굿노트에서는 끊기고 이상한 가로줄 생기는 등 오류가 너무 많습니다.
너무 잘 사용하는 앱인데 자잘한 오류들때문에 너무 불편해요."
나가뒤져시벨럼아,2022-07-05 09:04:21-07:00,1,0,제작자 장애에여?,ㄲ
ㅇㅇ0616,2022-07-05 07:41:01-07:00,4,0,색을 바꾸려고 하면 계속 튕깁니다,색을 바꾸려고 색상을 터치하는 순간 계속 창이 꺼지고 색 변경이 안돼요 오류 수정 부탁드립니다!
daahong,2022-07-05 04:11:37-07:00,3,0,이전버젼 구매했는데 다시 구매해야하나요?,"몇년전부터 너무 잘 사용하고 있는 굿노트입니다.
새버젼의 앱은 3개 노트만 열린다고 하는데 
이전버젼 굿노트 구입자는 다시 구매해야 열리나요?"
오앵이,2022-07-05 03:30:27-07:00,2,0,오류,다 좋은데 이상하게 갑자기 드래그 되는 버그 수정해주세요. 그거때문에 스크롤 하다가 자꾸 첫번째 장으로 가요. 아이패드 프로 이상 없는 거구요. 앱 자체는 굉장히 좋지만 이런 오류좀 고쳐주세요. 갑자기 드래그가 굉장히 빠르게 되서 첫째장으로 넘어가고 드라그되니까 첫장 마지막장 복사가 막 되요. 수정빨리 해주세요
와플대학장학생,2022-07-05 00:49:08-07:00,3,0,앱이 이상해야,"갑자기 필기 안되고, 스크롤이 첨 페이지랑 끝페이지로 밖에 안되고, 뒤늦게 필기가 되네여"
HoonyCrema,2022-07-04 22:03:05-07:00,4,0,다이어리 잠금기능이 있으면 최고일것같아여,다 마음에 들어서 바로 결제했는데 잠금기능 하나가 아쉬운것 같아요
얀팥,2022-07-04 20:11:49-07:00,5,0,플래시카드,"플래시카드 확인 할 때 확대 할 수 있는 기능 추가 해주세요
플래시카드 기능 개좋은데 너무 작게 나와서 보기가 힘듭니다"
ㄴㄴㄴㄴㅁ며너,2022-07-04 18:23:48-07:00,1,0,이중 결제 됐어요,총 2만원 결제 됐는데 이거 어떻게 해야되나요
구공팔,2022-07-04 17:36:22-07:00,1,0,오류,위로 아래로 스크롤해서 내리면 갑자기 촤르륵 올라가서 페이지 추가되는 오류가 갑자기 생겼는데 왜그런가요?
개발자님 고쳐주세요 제발요 ㅠ,2022-07-04 16:48:30-07:00,4,0,문서 잠금 기능을 추가해주세요,개인적인 문서를 안전하게 잠글 수 있는 암호를 설정할 수 있게 해주세요
나의도시는,2022-07-04 16:20:07-07:00,5,0,please fix the bug!,"After this update, scroll problem seemed to happen. When scrolling pages, sometimes pages turn too fast toward the first page or the end."
dndud0123,2022-07-04 11:05:14-07:00,5,0,요청사항있어요!,"위에 있는 툴바 좀 제발 상하좌우로 이동시킬 수 있게 해주세요!!!,!!오른손의 사용빈도가 너무 높아서 금방 피로해집니다!!"
ChanaPark,2022-07-04 10:29:14-07:00,5,0,네모난 형광펜 좀 만들어주세요,제발요
scuderia_han04,2022-07-04 08:22:52-07:00,1,0,구매오류,"아이패드 다른 기종으로 바꾸니까
기존 자료들은 남아있는데 결제하라고 뜨네요
아니 결제했는데 왜 또하라고 하는 겁니까"
".;ㅣ.,ㅣ",2022-07-04 05:47:39-07:00,1,0,업데이트 오류,업데이트 전엔 정상적으로 잘 되더만 업데이트하니깐 그리지도 않은 이상한 선들이 막 그어지네요
ㅏ옺,2022-07-04 03:30:29-07:00,4,0,제발 오류 개선 부탁드려요ㅜㅜㅜ,"코멘트 추가하다가 멈춰서 사라지고
플래시 카드 초기화 누르면 작동이 멈추고;;
많이 사용하는 기능인데 계속 멈추니깐 진행이 안되요,,,
진짜 스트레스에요ㅜㅜ"
귤슬러시,2022-07-04 00:03:10-07:00,1,0,자꾸 어플이 강제로 종료됩니다.,강제종료가 자꾸 반복되니까 너무 화나네요
다다다다보,2022-07-03 18:07:18-07:00,3,0,웹에서 문서열기(실험) 기능 후 만들어진 문서가 공유가 안되요,웹에서 문서열기(실험) 기능 후 만들어진 문서가 공유가 안되요 ㅠㅠ
시어저동,2022-07-03 08:22:21-07:00,1,0,미치겠네요,피디에프로 내보내면 파일이 이상해지네요 ㅋㅋㅋ 인쇄값으러 얼마를 날린지 모르겠습니다…
우어어젼수,2022-07-03 06:16:55-07:00,5,0,두 번 유료 결제가 진행 되었습니다.,유료 결제도 2번 되고 사용도 되지 않네요 모두 환불 부탁드립니다
실려줘요,2022-07-02 22:01:26-07:00,1,0,복원으로,"아이패드 에어4 사용하다가 프로로 갈아타고 새로 다운로드하였는데
기존 구매내역 복원을하려니 오류가 있다고 재시도하라고만 뜹니다..
삭제하였다가 다시 깔아도 반복됩니다….
데이터 잃어버리면 안되는데, 구매내역도 안된다니 미치겠어요
해결부탁드립니다"
noname;,2022-07-02 20:18:38-07:00,3,0,최근 파일공유가 안됩니다,기존 공유했던 파일만  공유되고 신규파일은 공유가  안됩니다
제패토 서윤이,2022-07-02 19:52:00-07:00,5,0,와..이건 공부하는 학생들은 꼭 깔아야 합니다…,그냥 할말없고 걍 까세요 무작정 까세요 진짜 좋아요..
멋진청년,2022-07-02 19:25:46-07:00,5,0,갑자가 노트가 사라졌어요,"3년 넘게 해오던 필기가 갑자기 사라졌어요..
어떻게 해야 할까요?"
개짱ㄴㅏ,2022-07-02 17:03:11-07:00,1,0,가족공유 안되나요,작년에 구매해서 사용중이었는데 인앱결제로 바꼈드라구요? 가족공유 오류나던데 다시 결제해서 써야하나요??
쩡쓰앵,2022-07-02 06:23:52-07:00,1,0,오류 보완해주세요,"너무 잘쓰고 있는 사용자 인데요..
갑자기 글씨 쓰다가 자동으로 가로획이 계속 생기네요.. 왜 이러는 건가요ㅠㅠ"
도어타ㅏ타,2022-07-01 22:57:11-07:00,5,0,please add thickness change,글씨 쓴 뒤에 두께 변경하는 기능 좀 제발 추가해주세요ㅠㅠ 노타빌리티랑 비교해서 가장 아쉬운 부분이에요 제발 Please add the function to change the thickness after writing !!
느개비모마하다현질러한테져서움,2022-07-01 22:27:19-07:00,1,0,앱 실행하면 너무 자주 팅기네요,리뷰 안남기는데 계속 몇달간 자주 팅기니깐 리뷰 남겨요 이 앱만 실행시 갑자기 쓰는도중 팅김현상이 계속해서 발생하며 애플펜슬 사용도중 갑자기 지우개로 전환돼요 오류좀 고쳐주세요 몇달전에도 이 문제때문에 리뷰 찾아봤었고 저와 같은 불편함을 겪은 사람들이 리뷰 남긴걸 봤었는데 아직도 고쳐지지가 않았네요 몇개월 지나도 팅김 현상 고쳐지지가 않네요 지금 5분도 안돼서 7번넘게 팅기는 중 진짜 짜증나네요
앵도나나너,2022-07-01 22:10:06-07:00,5,0,추가로 개설해주면 좋겠는 기능,"폴더가 다 파란색이라 구분하기가 좀 어려워서 폴더 색깔 다양하고, 중요한 문서는 맨 앞에 고정시켜서 쉽게 볼 수 있게 문서 고정 기능 있었으면 좋겠어요!"
자몽자몽자,2022-07-01 20:41:33-07:00,5,0,지우개크기조절,잘 보이라고 5점 드렸어요 지우개크기 조절이 예전엔 됐었던거 같은데 다시 가능하게 해주면 좋겠어요ㅠ 부탁드림미다..
엘꽃,2022-07-01 07:04:33-07:00,5,0,점선 기능도 만들어주세요,"다 좋은데 점선 기능이 없어서 매번 일일히 점선을 그리는게 귀찮아요ㅜㅜ 
점선 기능이 있으면 좋을 것 같습니다 :)"
나난난ㅇ,2022-07-01 06:56:51-07:00,1,0,계속 렉먹어요,휴지통으로 버릴려고 하면 바로 렉먹고 한 10초 이상 앱을 못써요.  계속 튕겨서 못써요 앱을 이걸 어떡해요? 지웠다 깔아도 안되네요 하
율무마루,2022-07-01 05:48:00-07:00,5,0,폴더 색상변경,폴더 색상 변경 가능하면 좋을 것 같아요
wwwvwvwvwvvwvwvwvwvwvwvwvwv,2022-07-01 01:18:02-07:00,1,0,업데이트 좀 하세요 돈이 아깝네요,한 줄로 액정 나간 것 처럼 애플펜슬 인식이 안되는데 터치는 되네요 굿노트만 이러는데 어플 관리 안하세요?
스리덩실,2022-07-01 00:34:45-07:00,3,0,꺼짐 현상 ..,"저만 그런지는 모르겠지만 굿노트를 실행하면 반복적으로 아이패드 전원이 꺼집니다 
오류 개선 부탁드립니다"
사장님한대맞으실래요,2022-06-30 22:29:55-07:00,3,0,공유가 안됩니다.,"저는 아이패드 9시리즈 지인은 에어 쓰는데 
공유가 안됩니다."
갤럭시액티브2,2022-06-30 21:39:57-07:00,3,0,탬플랫 흑색에서 백색으로 변경시,"글자가 안보여요
당연히 탬플랫 변경시 글자도 반전시켜줘야 당연한거 아닌가요¿
흰색 글자는 검정색으로 검정색은 흰색으로요
근데 이 간단한 기능조차 없는게 말도안된다고 생각함
한국 어플이였음 이런부분 진작 개선되고도 남았을듯"
Jdjejs,2022-06-30 21:35:07-07:00,5,0,잘쓰고 있는데,플래시카드가 나오는것만 반복되는데 해결책이 있는건가요 아니면 오류인가요?
나는나느난느나는,2022-06-30 20:51:22-07:00,1,0,too many small errors,"nothing serioius, but makes me very annoyed"
수리산부용,2022-06-30 16:56:45-07:00,5,0,앱이 열리지 않습니다,"평소에 매우 잘 활용하고 있던 앱입니다
최근들어 앱내에 저장용량이 부족하니 휴지통을 비워달라는 메세지가 떠서 몇번 정리한 적 있습니다. 그런데 일주일 전부터 아예 앱이 열리지가 않네요. 지웠다가 다시 깔기를 반복했는데도 해결되지 않아 문의남깁니다. 굿노트에서 작업해야하는 문서들이 많은데 걱정이네요🥲"
오랜지꽃,2022-06-29 23:25:25-07:00,4,0,찾기 기능 개선해주세요,"예를들어 ‘공원’을 검색하면 ‘공원’과 ‘공원’을 포함한 단어만 검색되는 것이 아니라, ‘공’과 ‘원’을 포함한 모든 단어가 검색됩니다. 또, ‘공지’ ‘원둘레’도 함께 나오네요. 이러면 찾기 기능이 별 의미가 없을 듯 합니다."
리브코코,2022-06-29 20:48:52-07:00,5,0,비밀번호 기능 만들어주세요.,"기능 다 좋은데 한가지 아쉬운 점이 비밀번호 기능이 없다는 점입니다.
타 경쟁어플 노타빌땡땡에서는 암호기능이 있는데 여기는 없다는게 가장 아쉬운 점이에요. 참고 부탁드립니다."
곰탱y,2022-06-29 17:51:31-07:00,3,0,손 터치 인식 오류 너무 심하네요....,"손 옆 날부분도 인식해서 글자 쓸려는데 이상한데로 순간이동 되질 않나, 애플펜슬 든 상태로 손가락 2개 승하이프 하면 3~4번 익식도 안되다가 가자기 축소되면서 이상한게로 이동되고 짜증도 나고 불편하네요ㅠ
오류 수정 좀 해주세요"
loviozy,2022-06-29 14:35:52-07:00,4,0,너무 잘 쓰고 있어요. 근데 추가로 개선점도 있으면 좋을 거 같아요!,"텍스트 기능을 사용할 때, 자유롭게 내가 쓴 글을 옮겨가거나 원하는 위치에 배치해서 쓸 수 있다는 점에서 장점이 있는 반면에, 줄이 있는 기본양식의 경우 줄에 맞춰 자간 조절을 해야하며 써야하고, 텍스트의 범주도 맞춰가며 쓰다보니 텍스트 상자간의 정렬도 재배치 해야한다는 어려움이 있더라고요. 

번거롭게 기능을 새로 추가하기보다는 아주 기본이 되는 속지를 하나 개발해 주시면 좋겠다는 생각이 듭니다! :)"
h8428,2022-06-29 05:24:20-07:00,5,0,굿노트 연필..넣어주세요 ㅜㅜ,고등학교 입학하고 내리 거의 모든 과제나 공부는 굿노트로 해결하고있습니다!! 다 좋은데 펜 종류에 연필이나 색연필이 생기면 더 실용적으로 쓸 수 있을 것 같아요😻
ChanaPark,2022-06-29 04:19:59-07:00,4,0,다 좋은데,네모난 형광펜 기능좀 넣어주세요
ㅛㅎ셯,2022-06-29 03:33:23-07:00,4,0,페이지 스크롤 기능,좀 넣어주세요
1222원,2022-06-29 02:43:16-07:00,3,0,글씨 끊김 왜이래요 ㅠ,쓰다 뚝뚝 끊기는 거 고쳐주세욤
절레절레미안미안,2022-06-29 00:43:24-07:00,5,0,형광펜,형광펜 끝 부분 둥글게 말고 네모난 버전으로도 설정할 수 있게끔 업데이트 해주세용
zhenedl,2022-06-29 00:17:31-07:00,4,0,형광펜 굵기를 더 얇게 해 주세요,다 좋은데 형광펜 굵기를 더 얇게 조정할 수 있으면 좋을 것 같아요.
어어아아아다으너나,2022-06-28 11:25:42-07:00,2,0,페이지추가버튼이 자꾸안눌리는데요;;,"해당문서 나갔다가 다시들어오면 눌렸다가
쫌지나면 또안눌리고
계속반복되니까 너무불편하네요 ;;빨리좀고쳐주세요.."
간소라,2022-06-28 05:04:17-07:00,4,0,렉 좀 고쳐주세요,"아 진짜 렉 때문에 너무 짜증나요...
필기 하고 있는데 도중에 흐려지고 막 혼자 움직여요.
처음에는 손아 닿아서 그런건가 했는데 손이 안닿아도 그러는데 왜 이러는 건가요ㅠ ㅠㅜㅠㅜㅠㅜㅠㅜㅠㅜㅠ"
12woo,2022-06-28 00:59:30-07:00,4,0,키보드가 한글이면 단축키 작동 안 됨,위 문제를 해결해 주신다면 좋겠습니다! 감사합니다.
어네미어두두누냐아더주무ㅏ카애나느우ㅜㅇ,2022-06-27 20:46:18-07:00,5,0,추가기능,이미 한 필기를 잠깐없앨 수 있는 On/Off 기능이 있으면 좋겠어요!
「 : D 」,2022-06-27 17:03:20-07:00,5,0,widget,"I wish I had a Good Note home screen widget.

I want to see right the schedule that I wrote on the Good Note Calendar, in the ipad home screen.

I think it would be better if consumer could adjust the aspect ratio at consumer's liking. not the specified size but free size :)

굿노트 홈 화면 위젯이 있었으면 좋겠어요

아이패드 홈 화면에서 굿 노트 캘린더에 쓴 일정을 바로 보고 싶습니다.

소비자가 소비자가 원하는 종횡비로 조정할 수 있다면 더 좋을 것 같아요. 지정된 크기가 아니라 자유로운 크기로 :)"
분노한 다람쥐,2022-06-27 05:42:19-07:00,3,0,구매내역복구가 안되네요,구매내역 복구 누르면 오류났다고 다시 하려는데 어떻게 하죠
모내기읏차읏차,2022-06-27 03:40:48-07:00,3,0,펜 색상,나갔다 들어오니까 원래 제가 설정해놓은 펜 색상이 다 사라졌어요 하이라이터도ㅜㅜ
기침노노,2022-06-27 02:30:27-07:00,5,0,업데이트 했는데 이상해요,업데아트 했는데 페이지 복사해서 새문서에다가 페이지 붙여넣기하니까 문서가 아무것도 없는 흰백지로 붙여넣어지네요. 오류인가요? 다시 한번 점검 부탁드려요
Aㅏㅏㅏㅏㅏ,2022-06-27 00:54:56-07:00,5,0,폴더 컬러 기능 제안,"폴더가 모두 똑같은 하늘색인데, 폴더 컬러를 바꿔서 구분할 수 있었으면 좋겠습니다. 폴더 컬러 기능 제안드립니다"
daybreakdeer,2022-06-26 23:15:24-07:00,3,0,외부앱으로 파일공유가 안되요,굿노트4부터 이용했었구요.. 최근에 굿노트 파일 피뎁으로 해서 카카오톡같은 외부앱으로 파일 공유가 안되는데 이건 어떤 오류 인건가요?
게임에진심이다,2022-06-26 21:58:22-07:00,1,0,에러 개심함,그냥 자꾸펜 갈라짐
호이이이이익,2022-06-26 09:35:37-07:00,4,0,자꾸 튕겨요,Pdf 조금이라도 큰거 열면 계속 튕겨요....이거 어떻게 안될까요..
aeioju,2022-06-25 22:00:22-07:00,5,0,업데이트 부탁드립니다.,"어플이 정말 유용하네요. 덕분에 학교생활 편하게 잘 하고 있습니다. 업데이트 부탁드리는게 있습니다!!! 맥북, 아이폰, 아이패드 서로 동기화 속도좀 제발제발 올려주세요. 맥북에다가 파일을 적으면 어쩔때는 아이패드에 바로 되는데 어쩔때는 하루 종일 걸려서 아이패드에 새로 적는게 빠를때도 있을 정도에요.... 동기화 속도가 빨라졌으면 좋겠어요! 서로 연동되는 버튼이라도 만들어 주세요. 버튼을 누르면 에어드랍처럼 서로 파일 연동이 될 수있는 수동버튼이 필요한거 같습니다."
뀨률률,2022-06-25 20:19:02-07:00,4,0,Functions I want to add,"I wish I could choose the transparency of highlighter. I can only choose the color of the highlighter now, which makes it uncomfortable for me to use the app. In this version, I can’t adjust the transparency, so I can see the background behind it even if I choose a dark color. Adjusting transparency is also a basic feature in the Galaxy Tab’s main memo app. I hope you can add this function soon. Thanks."
필기오류좀고쳐요,2022-06-25 10:43:25-07:00,5,0,별 다섯개로 해야 읽을거같아서 다섯개로 쓴다,Ios15 업데이트 이후 펜슬 인식오류와 튕김현상이 진짜 미쳐 날뛰고 있는데도 고칠 생각을 전혀 안한다! 심지어 유료앱인데도 이런 펜슬 오류는 대다수의 메이저 필기앱들 중에서 유일무이하다! Ios15를 뒤늦게 업데이트했는데 업데이트 이후 예전에는 경험해볼 수 없던 펜슬인식오류가 거의 무슨 단어하나 쓸때마다 나온다(펜슬이 화면에 닿는순간 여러개의 점들과 선들이 무작위로 그어짐). 가끔은 뒤로가기나 지우개가 먹통되고 앱이 강제로 종료된다 지금은 펜슬오류가 가장 심각하다. 다른 앱에선 펜슬 오류가 전혀 없다. 굿노트만 이런다.. 나보다 훨씬 먼저 15로 업데이트한 친구는 거의 몇개월째 펜슬오류에 시달리고있는걸 봐서 꽤 오래된 오류같은데 어째서 고칠 생각을 안하지? 안고칠거면 걍 환불이나 해줘라 우리가 단어하나 쓰기 힘든 필기앱 쓰려고 돈낸줄아나?
Bright58,2022-06-25 01:56:28-07:00,2,0,dkdlzmffkdnem dusehddl,dkdlzmffkdnem dusehddl sjan dksehody... dkdlaordlfkd dkdlvhs wlsWk sjan dksehla bb fldzmrhddbRkwl goTSmsep wkf dksehody
오류수정왜안함,2022-06-25 01:54:35-07:00,1,0,오류심함,"패드의 문제도 없고,펜슬,재부팅 다 해봐도 쓰다가 뚝뚝 끊기고 쓰는 중간에 지혼자 앱 종료됨 갑자기 홈화면으로 튕김 그리고 필기 도중에 끊겨서 필기를 할수가 없음 리뷰에 오류얘기도 많은데 전혀 오류수정도 안된거 보면 쓰기싫어짐"
굿노트 번쩍거림,2022-06-25 01:08:00-07:00,5,0,굿노트 번쩍거림,"다른 파일로 넘어갈 때 마다 
화면이 번쩍거려요ㅠㅠ"
연게,2022-06-25 00:54:26-07:00,5,0,good .. but,"but i need more variety of highlighter.
For example, the shape of a square...."
출국병,2022-06-25 00:29:47-07:00,3,0,피씨 버전 좀 해결해주세요,"아이패드에서 타이핑이 너무 버거워서
맥북이나 맥북에어로 타이핑 작업을 합니다
버벅이고 페이지 막 넘어가고 커서 안 끌리고 멈추고
램 과부하 걸려서 꺼지고 
아이클라우드 자동 업데이트 안 되고..
하 진짜… 굿노트 저 5년 넘게 써왔는데
피씨 버전때문에 숨막히고 못 써먹겠다 싶어요
오만 정이 떨어지는 중…
오류 한번 나면 답도 없어서 재부팅이 일상이에요
아끼는 앱입니다 제발 피씨 버전에서 문자 입력하는 기능 좀 어떻게 해주세요.
(저 맥북이고 아이패드고 전부 최고사양 씁니다 버벅일 이유가 하나도 없어요)"
윈윈아사랑해,2022-06-25 00:14:03-07:00,5,1,페이지 숨기기 기능이 있으면 좋겠어요!!,삭제하기는 애매한데 공부할 때 불 필요한 페이지가 있을 때 숨겨 놓을 수 있는 기능이 있으면 좋겠어요!!
날씬한 감자튀김,2022-06-24 22:14:03-07:00,4,0,레이저 색깔 선택,아이패드를 사용하면서 정말 굿노트를 쓰기위해 아이패드를 샀다고 할 정도로  잘 사용하고 있는데요 저는 평소공부를 할때 밑줄을 그으면서 공부하는 습관이있습니다 그래서 레이저 기능을 잘 사용하고있는데요 레이저 색깔을 빨간색이외에도 펜색깔을 고르는것 처럼 다양한 색깔을 사용할수있었으면 좋겠습니다!!
그립대장,2022-06-24 21:10:38-07:00,2,0,구매취소 부탁 드립니다,굿노트4쓰다가 5쓸라니 어색하고 힘드네요
aaxndnkpkojohudgygdfq,2022-06-24 20:13:32-07:00,5,0,펜 종류가 다양했으면 좋겠어요,삼성노트처럼 색연필이랑 연필도 추가되면 너무 좋을것 같아요 ㅎㅎ
인어성애자,2022-06-24 18:24:02-07:00,5,0,Good~~~~,Good~~~~
초록 호랑이,2022-06-24 16:21:44-07:00,5,0,나의 인생 최고 친구 굿노트,더 이상의 말이 필요없다
leh0708,2022-06-24 04:27:43-07:00,3,0,왜 또 보내기가 안될까요 ㅜㅜ,"카톡이나 메일, 네이버 박스등으로 내보내기가 또 안되네요"
이게진리지가쓰고있는닉이라네,2022-06-24 04:22:41-07:00,5,0,필기 오류 진짜 심해요 이거 보고 사세요;;,"많이 애용중인데 뭐만하면 갑자기 필기하는 종이가 딴곳으로 옮겨지고
글씨가 다른데 써지고!!!!!!!!
진짜 짜증나서 정말 못해먹겟네요 다 지웠음"
우주소녀체고,2022-06-24 01:16:27-07:00,3,0,터치 오류 좀 고쳐주세요,애플펜슬로 필기할 때 터치가 안 먹거나 직선 그리다가 끊김 현상 있어서 애플펜슬이나 아이패드 문제인줄 알고 애플펜슬 교체하고 아이패드 검사까지 했는데 문제가 없다네요.... 진짜 이 앱 없으면 필기 못하는데 오류 때문에 스트레스예요 고쳐주세요 ㅠㅠ
트레변,2022-06-23 22:43:36-07:00,5,0,건의사항(수정),"스마트폰을 가로로 눕혀서 굿모트 사용시 형광펜 팔레트 색 변경 할 때 숨겨진 색들이 안 뜹니다.
----------------------------------------------
형광펜이랑 필기구 팔레트에 선택가능한 색 개수를 늘려주세요"
ㄹㄹㅗㅗㅅㅇㅌㅁㅈㄷ,2022-06-23 22:27:05-07:00,4,0,오류가 너무많아요,요즘 페이지로딩도 너무심하고 학습 플래쉬카드 살행할때 로딩중이라고만 뜨고 다음으로 넘어가질. 않네요 오류좀 잡아주세요
시퀄,2022-06-23 16:42:03-07:00,4,0,최근 업데이트 되고 텍스트 쓰는게 불편해요,"텍스트 누르면 키보드 바가 화면에 바로 올라와서 불편해요. 원래는 툴창에서 택스트 누른 후 원하는 위치에 (텍스트 쓸곳에) 터치하면 그때 키보드바가 올라왔는데, 지금은 툴창에서 누르자마자 키보드가 올라와서 화면의 반을 가립니다. 아래쪽에 텍스트 쓰고 싶으면 활성화돤 키보드바를 피해서 스크롤을 내려야 해서 불편합니다."
vghjkitree,2022-06-23 14:46:57-07:00,5,0,good ! notes,it ls very good for me to memorize everythlng
주식초년생시작,2022-06-23 11:34:20-07:00,4,0,다 좋은데…,이용하는 사람마다 계정을 만들게 해서 궂이 백업하지 않아도 로그인 한 번으로 내가 사용하던 파일을 다른 기기에서도 사용할 수 있게 했으면 좋겠어요
녀ㅑㅕㄸ,2022-06-23 06:36:50-07:00,2,0,뒤로가기 오류,저만 그런가요? 굿노트 사용 초기부터 한 번씩 뒤로가기 버튼 누르면 한참 전 필기작업까지 지워져요. 되돌리지도 못하고 기억 더듬어가며 다시 필기할 때 진짜 화납니다ㅜ 업데이트하면 오류 안 나려나요
핑크강아지,2022-06-22 22:54:33-07:00,1,0,점점 사용할수록 기능이 하나씩 안되네요..,"몇주 전부터 굿노트 피디에프로 전송하는 기능이 안됩니다. 본인이 순수하게 노트필기한 것 말고, 굿노트에 있던 다른 PDF 파일(교재 pdf 등)을 카톡등으로 보내서 열어보면 새하얗게 처리된 화면만 떠요.

오늘부턴 문서 스캔 기능도 굿노트 카메라만 초점이 안잡혀요ㅠㅜ 일반캠으로 들어가서 찍으면 초점 잡히는데 오류 해결 부탁드리겠습니다"
윤더덕,2022-06-22 19:23:20-07:00,5,0,제발 양면보기 지원해주세요,다른거 다 좋은데 양면보기가 안되는게 너무 불편합니다 ㅜ
카페라떼샷추가,2022-06-22 18:44:57-07:00,1,0,필기/터치오류 수정이 시급합니다..,"제가 진짜 앱 사용하면서 리뷰를 안남기는 편인데.. 너무 스트레스 받아서 올립니다.
최근들어 필기와 터치오류가 너무 심하네요... 아무리 업데이트를 해도 증상이 나아지지 않고 오히려 더 안좋아지는 것 같아요
[오류사항]
-필기중 끊김 현상
-펜을 터치하지 않았는데도 필기하려 하면 무작위로 생기는 직선과 수많은 점들(그냥 손만대고 펜을 살짝 띄워만 놓아도 생김. 심각함)
-펜슬에서 자기 마음대로 지우개나 올가미 등으로 도구가 바뀌는 것
-선택하지도 않았는데 자기 멋대로 아무곳이나 눌리는것(예, 나는 필기 중인데 선이 무작위로 생기면서 갑자기 페이지이동키가 나타남)
-펜의 굵기가 자기 멋대로 바뀜
=> 이러한 오류 이외에도 터치오류가 너어어어어어어어어무 심함. 앱을 끄고 다시키면 잠시 좋아졌다가 다시 오류발생함.

: 이 앱으로 공부도하고 중요한때에 필기도 바로바로 하려고 유로로 구매해서 사용중인데...
이렇게 계속 필기오류나 도구전환의 오류 등등이 생기면 너무 불편하고 사용하면서 진짜 진심으로....... 화가 너무 납니다..
리뷰를 보니 이런 반복적인 오류가 예전부터 있었던것 같은데
계속 이런 오류들이 수정이 되지 못하고 있다는점을 보면... 앞으로 계속 사용할 수 있을지 모르겠네요
필기앱이 필기의 오류가 있다는건 심각한 오류이지 않을까 하는 생각이 듭니다.
제발... 오류 수정부탁드립니다.. 제발요................................"
안한복,2022-06-22 04:08:44-07:00,5,0,굿,굿노트 굿입니다.
워너머코냐아아냐너마맘,2022-06-21 21:15:12-07:00,5,0,PDF파일 다운로드시 한글 제목이 깨져요,"아이패드로 Goodnote 사용하고있는 이용자입니다. 
최근 아이패드를 업데이트(ipadOS15.5)한 이후부터 pdf파일 다운로드시에 한글제목이 깨집니다. 영어 제목은 정상적으로 다운받아지고요.
버그 수정 바랍니다."
혀기여친님,2022-06-21 19:59:10-07:00,1,0,하..,필기오류가 너무 심하네요 글자가 너무 나가요.. 다른 건 안 그러는데 이것만 그래요 제 만원 돌려주세요..
초코집사,2022-06-21 18:48:25-07:00,2,0,오류 투성이,"요즘 왜 이리 오류가 많죠?
필기도 자기 맘대로 되고, 이미지도 앨범에서는 삭제했는데 앱에서는 그대로 보여지고.... 눌러도 잘 먹지도 않네요..."
올해만 고시샘,2022-06-21 18:11:00-07:00,3,0,아이폰 & 아이패드 공유간 구매 복원 불가 해결 방안 질문,"아이패드 구매 후 아이폰과 연동하여 사용하려 아이폰에서 먼저 결제 했습니다. 주 사용 기기인 패드로 필기 후 폰으로 보며 사용하는데 패드에서 “구매 내역 복원”을 하면 구입 시 결제한 ID로 로그인 하라는 창만 되풀이 되네요.

기기 두대 모두 같은 계정으로 사용중입니다. 문제 해결 방안을 알려주시면 고맙겠습니다.^^"
참가리비,2022-06-21 12:27:09-07:00,3,0,잘 쓰다 어느날 부터 오류 입니다,"문서 작정 후 여러장 선택 후 보내기 누루고 프린터를 누루면 그냥 튕김니다

잘 되던것인데 갑자이 이러내요.  어플 다시 깔고 프린터 어플 다시 깔아도 그럽니다.  아이폰으로 보내서 출력하면 제대로 됩니다

해결 방법 좀 알려주세요.  항장 한장 출력하기 힘듭니다"
박병은,2022-06-21 07:53:57-07:00,5,0,연필 (팬 종류),"매일 쓰고있는 유익한 어플 중 하나입니다! 하지만 가끔 쓰다보면 펜 종류가 많았으면 하는 생각이 듭니다. 연필, 각진 형광펜 등 여러 종류의 펜이 생기면 좋겠습니다. 그리고 형광펜을 덧칠할때 겹쳐서 보이지 않는 모드도 생기면 좋겠습니다!"
광고 좆까,2022-06-21 07:11:51-07:00,3,0,필기오류 개심함,"제 패드와 펜슬에는 아무 문제 없었음을 미리 알려드립니다
전 대부분의 팔기를 굿노트로 하고있습니다.하지만 계속되는 터치오류로 구매가 정말 후회되고있습니다. 가장 큰 불편함은 확대와 축소가 먹통이라는 겁니다 확대 축소를 할때마다 지지직 거리는건 물론이거와 강제종료까지 당하곤 합니다.무료도 아니고 유료인데 이러한 점은 최대한 빨리 피드백이 왔으면 좋겠습니다"
굿노트 구매,2022-06-21 06:39:38-07:00,3,0,구매복원,아이패드 고장나서 앱 다시 깔고 동기화까진 했는데 구매 복원이 안돼서 다가갔어요 돈 돌려줘
자린고비의쇼핑,2022-06-21 04:34:33-07:00,5,0,굿노트 공유 오류 인가요?,"굿노트 링크를 공유하기만 하면 굿노트 공유폴더에서 공유된 문서를 열어서 활용할 수 있었습니다. 그런데  '웹에서보기(시험)' 추가된 이후부터(?) 굿노트에서 열기를 눌러도 굿노트와 연동이 되지 않아서 공유된 문서를 열어서 볼 수가 없습니다.

웹에서 보기 기능을 끄거나 켜서 다시 시도해봤는데도 공유된 문서를 굿노트에서 볼 수 없습니다.

해결방법 부탁드립니다.
(최신 버전으로 업데이트 완료한 상태입니다.)"
qqpwehabdjdj,2022-06-21 04:08:18-07:00,5,0,요구 사항 ㅜㅜ,펜 종류가 너무 적어요 색연필이나 지금 있는 레이저펜이 사라지지 않는 기능이 생기면 좋겠어요...
GoodNote5_Fucker,2022-06-21 02:39:30-07:00,4,0,U can do better why not?,"Simple is the best feature of GoodNote5 but you should add more feature for student users. There is not mathmetical tools at all such as ruler, graph tool...
You can do better GoodNote5 make it better for mathmeticians"
ㅎㅂㅎㅅㄷ,2022-06-21 00:28:18-07:00,1,0,필기오류,하루에도 수십번씩 의도하지 않은 방향으로 직선이 그어집니다. 글씨 쓰다가 화딱지 나요. 아이패드 문젠 줄 알고 서비스센터 방문했는데 기기는 아무런 문제가 없다고 어플 문제라고 저와 같은 문제로 찾아오시는 분들이 아주 많다고 하네요. 공부 용도로 샀는데 제 기능을 못해서 산 의미가 없네요 이런 오류 개선 해 주세요
변뷘,2022-06-20 23:15:08-07:00,2,0,파일 화면 오류,"돈 주고 쓰는건데 자꾸 파일 오류나면 어떡해요
계속 화면 하얘지는데 개선 좀 하셔야 될 것 같은데요
제일 불편한점입니다"
슈퍼판다,2022-06-20 21:49:47-07:00,4,0,좋아요. 그러나 몇가지 제안할점이 있습니다.,"먼저 잘 쓰고 있어요 매우 감사합니다.
좀 더 좋은 환경을 만들고자 몇가지 제안합니다.
1. 연필 추가
현재 제공되고 있는 것은 만년필, 펜, 화필 3가지입니다.
여기에 연필도 추가되면 좋을것 같습니다.
위 펜들은 뭔가 글씨가 이쁘게 써지지 않습니다. 끝이 뻗친다는 표현이 맞을것같은데 연필은 그러한 모습이 잘 보이지 않아서 보기에 더 좋을것같습니다

2. 줄 간격을 타이핑해서 수정할 수 있게 해주세요
옆에 + - 버튼이 0.01 단위로 바뀌어서 너무 불편합니다

3. 텍스트 박스관련
한국어 기준으로 문제가 매우 많습니다.
1) 글자크기를 키우면 글자가 잘려보입니다. 텍스트 박스 자체가 글자 크기에 맞춰서 커지면 좋겠습니다.
2) 글자 크기를 키우고 줄 간격을 수정했을때인지, 줄 간격을 수정하고 글자 크기를 수정할때인지 헷갈리는데 둘 중의 하나에서 문제가 발생합니다.
직접 해보시면 압니다.
3) 글자색이 펜과는 다르게 커스텀 할 수 없습니다.
텍스트 글자색을 지정하고자 할때 설정되어있는 색이 맘에 들지 않아 다른 색으로 하고자 하면 세부 색으로 들어가야하는 번거로움이 있습니다. 글자색도 지정할 수 있게 해주세요.
4) 텍스트 박스에서 탭을 일정 범위에서 누르면 그냥 다음줄로 갑니다.
탭을 누르면 일정 범위만큼 띄어쓰기가 되는데 이것을 텍스트 박스의 일정 범위까지 하면 그냥 다음줄로 넘어갑니다. 이런것 없이 텍스트 박스 끝까지 탭버튼이 작동할 수 있게 해주세요
5) 복사 붙이기할때 새로운 줄에서 하면 위 아래로 한칸씩 띄어져 붙이기가 됩니다. 위아래로 한칸씩 띄어지는 거 없는것으로 수정해주세요 

4. 혹시 가능하다면, 지우개도 펜이나 형관펜처럼 그대로 유지하면 직선이 되는 기능이 추가되면 좋겠습니다.

5. 아마 아이패드를 사용하는 유저라면 전세계적으로 정말 많은 인원이 이것을 쓸것입니다. 그 사람들을 대표해 감사의 인사를 보냅니다. 감사합니다."
치즈김치볶음뵤뵤ㅛ,2022-06-20 18:26:00-07:00,4,0,고정 기능,화면 고정 기능 좀 만들어주세요 감사합니다
지에J,2022-06-20 18:13:27-07:00,3,0,노트 2페이지씩 보기,"굿노트 페이지 2개씩 볼 수 있도록 하는 설정이 가능했으면 좋겠습니다.
한 페이지씩 필기하기보다 두페이지 한번에 볼 수 있으면 좋겠어요.
가로 방향으로 할 때는 한페이지보다 두 페이지가 훨씬 편해서요.
그리고 제발 연필 추가해주셨으면 좋겠어요 볼펜이다보니 필기느낌이 나지 않아 속상합니다."
효준이마누라,2022-06-20 16:47:37-07:00,3,0,펜 종류 좀 늘려주세요,연필같은 팬을 쓰고싶어요
박나̆̈,2022-06-20 09:56:09-07:00,3,0,오류,"전부터 오류가 조금씩 있었는데 참고 쓸만하다가 지금은 못 쓰겠음 
무료 앱도 아니고 만원이나 주고 사서 사용하는데 오류 못 참아 주겠고 최악임"
멍멍이네꿀,2022-06-20 09:29:40-07:00,1,0,굿노트 구매하실 생각 있는분들,"다시생각하세요..오류 엄청많고 자잘한 렉도 끊이질않아요..ㅎ̐̈ㅎ̐̈
다들..다른앱 고려해보심이..
지금공부하는것만 끝나면 전 다른앱으로 바로 갈아탈거에요ㅋㅋ"
some sky,2022-06-20 07:41:48-07:00,5,0,I need new type of pen.,"I usually use this app for studying but also for keeping my diary.
So If it have a kind of pen like pencil texture, i can decorate easily my diary. And it make user feels writing on real paper.

I just miss a real pencil but I stop to use analog method, so i hope feel a pencil texture in goodnote. 

I’m not good at English, but I hope opinion is conveyed well."
ㅅㅇㄹㅁㄱㄴ,2022-06-20 07:21:17-07:00,5,0,이거 너무 좋네요,커피 두잔 안먹은셈 치고 어플 유료결제 했는데 무제한이라니ㅜㅜ
포12,2022-06-20 06:16:27-07:00,2,0,펜 끊김,자꾸 선 끊어지면서 써지고 귀신들린거마냥 지맘대로 삐죽삐죽 튀어 나가네요
슈퍼_아스라다_01,2022-06-20 05:58:55-07:00,5,0,정말 좋은 앱이네요.,"정말 잘 쓰고 있습니다.
한가지 아쉬운 점이라면 하이퍼링크 시스템이 너무 제한적이라. 많이많이 아쉽습니다.
꼭 좀 업데이트 시켜 주세요."
어린왕자 12345,2022-06-20 05:57:26-07:00,1,0,구매내역을 복원하는. 도중 오류 발생,계속. 잠근해지 가 뜹니다. 해결해주세요
ddffshdgg,2022-06-20 05:43:31-07:00,3,0,다좋은데 피씨방 연결이안돼요,피씨 버젼 때문에 원노트 쓰고 있는데 제발탈출 시켜주 세요 ㅠㅠ
ㅎㅗㅇㅎ오오,2022-06-20 03:03:02-07:00,5,0,최고의 필기앱! 하지만 개선할 점,"현재 한 페이지의 필기를 전체 삭제 할 순 있지만, 파일 내 모든 페이지의 필기를 한번에 삭제하는 기능이 있다면 공부할때 패드 이용하는 사용자들에게 더 유용할 것 같습니다. 그렇게된다면 굳이 공부할때 노타빌리티, 컨셉 등의 다른 선택지를 고민할 필요가 없을 것 같아요."
jtydcjbvc,2022-06-19 22:11:16-07:00,3,0,심각한 오류,몇년 전부터 굿노트를 잘 쓰고 있었습니다만 요근래 문서스캔을 하려고 사진을 다 찍고나면 갑자기 어플이 꺼져버려서 데이터가 다 날아가고 다시 작업을 수행해야하는 심각한 오류가 빈번히 발생하네요. 꼭 고쳐주셨으면 좋겠습니다
Djstevcj,2022-06-19 21:49:41-07:00,5,0,굿노트 텍스트 왜이렇게 짤리나요…?,텍스트 입력하면 반이 짤려서 안보이고 옮기려고 하면 반만 옮겨져서 새로 고침해야 제대로 보이기 시작하네요.. 몇주 전부터 이런 증상이 있는데 버그 안고치나요 …
게시글공유가안돼요,2022-06-19 21:37:10-07:00,4,0,제발,튕김현상 개선좀 해주세요 ㅜ 너무좋은데 너무 짜증나요ㅠㅠ
Blueots,2022-06-19 21:35:28-07:00,5,0,구글드라이브 동기화 할때 팝업창 사라짐,최근 새로 구글드라이브 계정 만들고 동기화를 누르면 팝업창이 잠깐 보이고 사라집니다 해결방법 좀 알려주세요
tyrlyarg,2022-06-19 20:16:27-07:00,1,0,serious writing error,The errors are getting more serious these days. Many lines are popped up just writing one character of word and it is very annoying... in this state I cannot use this application and I just want to be refunded.. Please fix these errors immediately
ㅋㅌㅊㅍㅠ,2022-06-19 15:57:38-07:00,3,0,구매 내역 복원 오류,"원래 이 앱만 썼었는데 갑자기 건드린것도 없는데 파일 몇개 없어지고ㅠ
그래서 지웠다 다시 깔았더니 며칠째 오류났다고 하는데 찾아보니까 저만 이런게 아니더군요 진짜 짜증나죽겠어요 다시 구매한분들 많던데 저도 다시 구매해야하는건가요ㅠ"
woifkj,2022-06-19 07:16:06-07:00,1,0,연동 오류,굿노트와 아이클라우드 연동을 분명히 했는데 왜 안 뜨는 문서가 있는거죠? 너무 화나네요
귀여운요저아드,2022-06-19 06:00:36-07:00,5,0,구매하고 잘 쓰고 있었는데 갑자기 다시 구매하라고 하네요?,"풀버전을 쓰고 싶으면 9900원을 내라고 
저는 전에 이미 구매했었고 문서를 100여개 이상을 만들고 쓰던 사용자였는데 이게 뭔일인가요"
익익익며엉,2022-06-19 05:28:28-07:00,1,0,노트북용으로는 정말 꽝,뭐 되는 게 없냐 진짜
오류현상2022,2022-06-19 04:40:26-07:00,1,0,오류 현상,방금 결재해서 쓰고 있는데 쓸때마다 자기 혼자 줄이 그어지고 혼자 그려집니다 오류 현상 없애주세요 ㅠㅠㅠㅠㅠㅠㅠㅠㅠㅠㅠㅠㅠㅠㅠㅠㅠㅠㅠㅠㅠㅠㅠㅠㅠㅠㅠㅠㅠ
김가나다라궁ㅊㄱ,2022-06-19 04:00:26-07:00,1,0,공유문서 오류.,공유문서가 백지로 뜹니다.
카톡씨발,2022-06-19 00:39:44-07:00,1,0,아니 돈내고 내가?,돈 내고 조금 더 좋은거 사려고 기껏 돈 내서 샀더니 오류가 이게 뭔가요?
tjdmsO.O,2022-06-18 23:04:27-07:00,5,0,연필질감펜종류 추가해주세요,다른건 다 좋은데 펜 종류가 아쉽네요 연필 하나 있었으면 좋겠어요
닝나리,2022-06-18 21:43:24-07:00,4,0,즐겨찾기만 볼수있게해주세요,"북마크 해놓은 페이지들은 북마크 한것끼리만 보이게 해주세요!
북마크 해놓은 뒤 작은 네모 4개짜리 아이콘 눌러 즐겨찾기만 모아놓은 곳에 들어가도 막상 페이지 보기해서 다음 페이지 넘기면, 북마크 상관없이 문서 전체버전으로 열려요. 그래서 북마크 한것들만 보고싶은데 계속 하나하나 클릭해야합니다.
시험직전엔 중요한 페이지만 휘리릭 모아볼 수 있게 즐겨찾기 해놓은 것들은 다음페이지 넘겨도 바로 즐겨찾기 페이지만 뜨게 해주세요"
158026짱,2022-06-18 20:37:03-07:00,5,0,매우 만족하면서 사용하고 있습니당~,"논문 읽고, 저널 작성 등에 유용하게 사용하고 있습니다. 다만 한 가지 아쉬운 점은 본래의 pdf파일 옆에 메모지 형식으로 추가하여 메모를 할 수 있는 기능이 추가되면 좋겠습니당~ 잘 사용하여 아이패드 본전 뽑고 있습니다. 감사합니다."
콩톡이 져아요,2022-06-18 19:36:05-07:00,5,0,펜 색상 왜 초기화된건가요,진짜 여기저기서 긁어모았는데 기본상태로 초기화됐네요 멀티탭해서 그런지 쓰려고 보니까 왜 다 없어진건지 알려주세요
아이패드 프로 90,2022-06-18 19:00:58-07:00,1,0,필기한게 날라가고 아이패드 용량 굿노트 96gb였다가 갑자기 3gb로 줄어들음,"vflat에서 굿노트 불러오기하면 보통 3번은 안되서 다시 노트 껐다가 켜서, 즉 다시 불러와야지면 되고요 . 필기 부분적으로 갑자기 사라지는게 여러번.
이번엔 아이클라우드가 아닌 아이패드에서 굿노트 96gb라고 떠서 애플 고객센터 문의중 재부팅 후 기다리니 갑자기 3gb로 줄어들음"
daldal237,2022-06-18 18:57:42-07:00,5,0,앱 비빌번호 설정기능 넣어주세요,비번설정 요청드려요
굿노트쓰고싶은,2022-06-18 18:28:54-07:00,3,0,도와주세요,잘쓰다가 아이패드랑 아이폰 연동이 갑자기 끊겼어용 ㅠ iCloud 사용 활성화하고 하란대로 다 했는데 왜이럴까요 ㅜㅜㅠㅠ
준스네집,2022-06-18 18:26:16-07:00,5,0,색깔 칸 좀 늘려주세요,"3칸 있어서 좀 불편하네요,,,"
당도최고도마도,2022-06-18 17:06:29-07:00,1,0,지우개 속도,지우개쓰면 1초 뒤에 지워져서 너무 불편해요ㅠㅠㅠ
Airplanetunes,2022-06-18 12:00:55-07:00,4,0,좋아요,ㅎㅎㅎ
굳굳노트,2022-06-18 06:08:48-07:00,5,0,자꾸 튕겨요...,"굿노트를 3년째 사용하고 있는데 요즘 용량이 큰 파일을 다운받아서 사용해서 그런지 화면이 나오는데 시간도 오래걸리고 확대하면 화면 날아가고 튕겨서 다시 들어가보면 잠깐동안 자료들이 텅 비었다고 되어 있던 적도 있어서요.

이게 가끔이면 괜찮지만 사용 할 때마다 이렇거든요ㅠㅠㅠ 대학생이라 주변에 굿노트 사용하는 사람도 많은데 저만 그런게 아니라 다들 비슷한 경험이 있어서 개선이 필요한것 같아 리뷰남깁니다.

꼭 부탁드립니다!!"
mwmw1123,2022-06-18 05:49:45-07:00,5,0,표 기능,표 만들 수 있는 기능이 생겼으면 너무 좋겠어요!!
찡아^^,2022-06-18 04:36:05-07:00,5,0,펜좀…,"굿노트 진짜 다 좋거든요? 저 아이패드사고 노트는 굿노트만 썼어요
근데 진짜 이것만 추가해주시면 좋을거 같아서….그 펜중에서 만년필, 볼펜 그리고 붓인가? 있잖아요 거기서 연필을 추가해주시면 진짜 좋을거 같아요 된다면 추가해주세요~~"
ㅓ녀나나ㅐ애데,2022-06-18 01:47:26-07:00,1,0,진짜 짜증나요,열심히 필기하고 있는데 왜 자꾸 앱이 꺼지나요 다른 앱은 갑자기 꺼지거나 하는 일이 없는데 이 앱만 유독 자꾸 꺼져요 진짜 짜증나요 좀 고쳐주세요 공짜앱도 아니고 유료앱이 왜이렇게 자꾸 꺼지나요 진짜 짜증나요
별명 뭐 하노,2022-06-18 01:37:39-07:00,4,0,자꾸 앱이 튕겨요..,다른 건 다 좋은데 앱이 자꾸 튕기네요ㅠㅠ 어쩌다가 한두번은 그러려니 하는데 공부 좀 할라하면 튕겨서 꺼지는 바람에 공부 리듬이 깨져요ㅠㅠㅠ 유료 결제는 이 앱이 처음이라 실망이 조금 크네요..
아팻드,2022-06-18 00:53:54-07:00,3,0,제발제발제발,유료 앱이면 제발제발 요청사항 다 봐주시고 쓰다가 강제종료 되는 것도 고쳐주세요…..미치겠네 공부하다가 계속 꺼져서
어쩔티빚,2022-06-18 00:28:58-07:00,5,0,개조아,공부 할때 겁나 유용함👍🏻👍🏻드디어 샀다
우당탕탕아이쿠,2022-06-17 11:25:45-07:00,1,0,아 진짜 제발…,터치 오류랑 렉이 너무 심해요ㅠㅠ 노타땡땡땡이나 플렉슬 싸야하나 고민 중이네요 괜히 돈 버리고 싶지 않아요 제발 이 문제 좀 해결해주세요.
jdksjwjw,2022-06-17 09:14:59-07:00,5,0,하 이거 보면 답 좀 해주세요,제가 쓰다가 구매를 했는데 돈이 두 번이 빠져나가고 심지어 계속 또 결제하라고 하고 이거는 무슨 경우인가요? 쓰게 해주던가 아니면 빨리 환불해주세요 짜증나니깐
김진워너넌,2022-06-17 05:27:12-07:00,5,0,잘 사용하고 있습니다! 점선 기능 추가 요청!,"안녕하세요 굿 노트를 잘 사용하는 사람입니다.
가끔 점선을 사용할 필요가 있어서 점선 기능 추가 바랍니다.
빠른 업데이트 부탁드립니다"
연게,2022-06-17 02:34:10-07:00,5,0,형광펜 종류,형광펜 네모모양 만들어주세요 !
Appp reviewer590,2022-06-17 02:27:12-07:00,2,0,Text Editing,When I try to select the entire text in the box the whole thing is moving and the text isn’t affected. I can’t select in order to edit the text style. It’s time consuming to do it word by word Fix it please
torykk,2022-06-17 00:24:07-07:00,5,0,mac os issue,it often unexpectedly shuts down in mac os
Ginanctbtslove,2022-06-16 19:45:50-07:00,3,0,해결해주세요ㅜㅜㅜ,다좋았는데 갑자기 어느 순간부터 제가 그렸던 도형들이 멋대로 움직여요 ㅜ 제가 뭘 잘못한건가요?
이수빈2,2022-06-16 15:56:48-07:00,3,0,기능은 아주좋지만 갑자기 발열이 심해진것같다는 생각이 드네요,이전에는 못느꼈었는데 해당앱만 키면 지금은 아이패드에 문제가 되지 않을까싶을 정도로 뜨거워지네요
컴퓨터용싸인펜,2022-06-16 09:47:41-07:00,1,0,오류가 심한데 앱 개선의지는 있으신가요?,"유료 구매 후 1년 6개월 넘게 사용 중인데
요즘 터치오류가 너무 심해요 ㅋㅋㅋ
형광펜은 중복되서 계속 찍히고,
볼펜도 선을 긋는데 점으로 찍히고,
수업 필기 중에 자기 멋대로 나갔다 들어오고.
저 뿐 아니라 이렇게 많은 컴플레인이 있는데
앱 개선 여지가 없어보이시네요^^
돈 더 주더라도 다른 유료어플 쓸 껄 그랬나봐요"
반짝반짝플래시,2022-06-16 05:40:20-07:00,4,0,기능 추가 요청,"정말 잘, 유용하게 사용 중인데 한 가지 기능이 제발 추가되었으면 좋겠어요. 그건 노트 잠그기 기능입니다. 굿노트에 일기도 쓰고 싶은데 다른 사람들이 제 패드를 만지다가 열어볼 거 같아서 적지 못하겠어요. 다음 업데이트 때는 꼭 자물쇠 기능(잠그기 기능)이 추가되면 더 나은 굿노트가 될 것 같아요."
RONWI333,2022-06-16 03:46:49-07:00,5,0,페이지로 이동 기능 수정 좀 ;;,"가끔씩 키보드가 안 뜨고 웬 펜슬설정 같은거 나와서 좀 그렇네요…
어차피 숫자밖에 사용 못하는데 아예 강제로 숫자 타이핑만 타이핑 하도록 키보드가 뜨면 좋겠습니다"
"이응잉,ㅇ",2022-06-16 03:20:04-07:00,2,0,폰 패드 연동 아이클라우드 말고 원드라이브 불가능,ㅠㅠㅠㅠㅠㅠㅠ이게 뭐야 돈 아까워ㅠㅠㅠ
최강복근,2022-06-16 02:55:33-07:00,5,0,Good~~~~Note,"여러 노트어플을 써본 것 중 최고입니다. 
바라는 점은 배터리 효율성을 높여주셨으면 합니다.
굿노트 사용 시 배터리 사용량이 높습니다."
tteamine,2022-06-15 23:23:56-07:00,5,0,리뷰 보라고 별다섯개!,튕김현상 심함. pdf 파일 깨짐 왜이리 심하져??? ㅠㅠㅠㅠㅠㅠ
패드림,2022-06-15 23:09:43-07:00,3,0,필기오류,어느순간 한번씩 필기할때 직선이 그어지는 현상이 발생하다가 최근에는 인정사정없이 한글자 쓸때마다 선이 생기는 지경까지 되버렸어요… 다른 어플 사용할때는 없는 현상이라 앱 문제같은데 해결이 안될까요?
bulpyun,2022-06-15 22:01:21-07:00,1,0,아이패드 m1 프로 발열,발열이 너무너무 심해서 필기할 때 거슬려요
유투브러버,2022-06-15 21:44:41-07:00,1,0,솔직히 별로,"pdf를 아이패드 화면 비율에 맞춰서 보여주는 것도 아니라 일일이 확대해야되고 확대 비율 고정 기능도 없어서 확대시킨다음에 스크롤 내릴때 좌우로 일렁일렁거림..잔잔한 버그도 많고.. 갤탭에서 아이패드로 넘어와서 굿노트 굿노트 거리길래 써봤는데 그거다 옛날 안드앱이 많이 안나왔을때 얘기지 지금은 안드앱이 걍 압살인듯.. 차라리 무료앱 colla note가 나음.pdf 파일 훨씬더 크게보이고, 인터페이스도 간결하면서 화면도 많이 안잡아먹음. 대용량 pdf 파일이 지원안돼서 이거 울며겨자먹기로 쓰는중"
잉빵,2022-06-15 21:12:16-07:00,5,0,점점 좋아지네요,"저는 글씨체가 안 예쁘고, 애플펜슬 필기감이 불편해서, 필기를 하지 않고, 주로 타자를 쳐서 사용하는데요. 가장 불편했던데 줄간격이 고정되어 있었다는 점인데.. 오늘 보니 줄간격을 조절할 수 있는 메뉴가 생겼네요! 아 너무 좋네요! 발전하는 굿노트 정말 감사합니다!!!"
김서어누,2022-06-15 20:00:08-07:00,5,0,진짜 최고의 필기앱,꽤 비싸긴 하지만 매우 좋음 꼭 아이패드가 있다면 쓰세요!
체리시me,2022-06-15 19:26:55-07:00,5,0,reasons behind existence of ipad,"a MUST app for studies, work, viewing, editing"
wjp3579,2022-06-15 18:59:37-07:00,1,0,오류가 너무 심하네요,"펜슬 사용 중 지멋대로 움직입니다…

스트레스 받네요

해결 좀 해주세요"
돌아와내노트!!,2022-06-15 16:53:03-07:00,3,0,라이브러리 비어있음,"저 1년정도 잘쓰고있었는데요

자고일어나서 켰더니
갑자기 라이브러리 비어있음
이렇게 되서 그동안 자료가 하나도없이
초기화 되버렸습니다

저좀 도와주세요~~
어찌해야할까요"
메루야,2022-06-15 11:24:01-07:00,5,0,없던 오류가 생겼어요,"저말고도 이런분들 계신듯한데,
확대해고 깨지지않던 pdf파일의 글씨가 해상도가 떨어진것처럼 깨지기시작했고,
페이지를 넘길때 페이지의 반정도가 사라진채로 화면이 뜨네요,
페이지 반이 사라지는건 다음페이지갔다가 다시돌아오면 그나마 복구가 되는데, 확대할때 글씨가 뿌옇게 깨지는건 뭘 해도 안돌아와요.. 
마무리해야할 자료가 많은데 갑자기 이래서 당황스럽네요ㅜ"
갓탱볼,2022-06-15 08:35:54-07:00,1,0,굿노트4,굿노트4 사용중인데 앱스토어에 어플이 사라져서 여기에 남깁니다. 자료들이 다 사라지는 오류가 생기는데 개선을 해주세요… 아님 다시 굿노트5로 업그레이드 할 수 있게 해주시던가요ㅠㅠㅠ
앚다맘마,2022-06-15 05:58:14-07:00,1,0,텍스트 색 바꾸면 팅김,"진짜 요즘 버그 왜이렇게 심한가요?
돈받는 어플에서 이렇게 버그가 심하면 어쩌자는 거죠
공부를 못합니다 제발"
유튜브 이상이시여,2022-06-15 04:50:14-07:00,1,0,왤케 오류가 많나요,단순하게 pdf파일에 필기를 할 때도 딜레이가 있고 페이지를 넘어가도 오류로 다시 돌아오고 1년 정도 꾸준히 사용하고 있는데 처음에는 정말 괜찮았는데 갈 수록 오류가 심해지는거 같아요. 관리 부탁드립니다.
그라지예,2022-06-15 04:36:28-07:00,4,0,"나름 잘 쓰고 있음, 개선할 점이 눈에 보임","필기앱이다 보니 확대해서 잘 쓰는데 확대한 크기가 몇퍼센트인지, 그 크기대로 고정할 수 있다면 좋을 것 같다. 펜, 만년필, 화필 세가지 말고 다른 스타일도 있다면 좋을 것 같다"
무지개공주,2022-06-15 03:47:45-07:00,4,0,"너무 잘 쓰고 있어요. 하지만,","1년 전부터 계속 사용해오고 있어요. 앱 자체는 편리하고 너무너무 좋아요. 하지만 요즘 들어 필기 오류가 정말 심해졌어요. 일단 글씨를 썼는데 계속 자기 맘대로 지워지고요, 텍스트를 입력하고 나서 선택을 하려고 꾹 누르고 선택 영역을 표시하려고 늘리면(?) 늘려지지도 안 고요 ㅠㅠ 제멋대로 선이 그어질 때도 있어요. 오류가 계속 나서 나갔다 들어오면 또 그러고 ㅠㅠ 제 기기의 문제인가요 … 얼마전부터 그러기 시작했는데 ,,, 오류 고쳐주셨으면 좋겠어요 ! 그러면 더욱더 잘 사용할 것 같아요 .. ㅎㅎ 그래도 앱 자체는 정말 잘 사용하고 있어요, 이 문제점만 빼면요 ! 좋은 앱 만들어주셔서 감사합니다"
각닫핳,2022-06-15 00:20:03-07:00,1,0,필기오류,"필기오류가 너무 심해요.
끊겨서 글씨가 써진다던지, 필기 안하고 그냥 공중에만 펜 있어도 점이 찍힌다던지 그럽니다..
그리고 필기하다가 펜 인식이 이상하게 돼서 막 줄도 여러 개 크게 쳐지고 그래요."
ㅅㅂㄹㅌㅇㄹㅇㄷㄱㅊㄴ,2022-06-14 23:58:54-07:00,1,0,제발 피드백 좀 받아주세요.,몇 달 전부터 계속 필기오류가 납니다. 재부팅도 해보고 펜촉도 바꿨지만 굿노트 얍 문제인 것 같습니다. 매번 필기할 때마다 오류가 나서 계속 다시 시작하니 화가 날 지경입니다. 몇 달 전주터 지속적으로 일어난 현상인데 개선 안하나요? 이러면 굿노트 구매한 걸 후회하고 다른 노트 앱으로 갈아탈 것 같습니다.
roseviyott,2022-06-14 22:44:21-07:00,1,0,좋은데 포스트잇 기능 필요함,"포스트잇 기능이랑 펜 색깔 3개 너무 , 적어요. 사용자가 사용할 펜 세개수를 설정할 수 있도록 해주세요. 요즘따아 계속오류나고 글씨 쓰면 줄이 계속 생기면서 오류나고 껏다ㅜ켜도 똑같음 무슨 인공지능도 아니고 지 맘대로 줄긋고 난리다"
yeoni424,2022-06-14 21:56:14-07:00,5,0,"표 첨가하는 기능, 문서상에 페이지 첨가 기능 있으면 좋겠어요","지금도 매우 잘 쓰고 있는데요, 최근 필기(정리)할 일이 많아서 유용하게 쓰는 도중에 표로 정리하고 싶은데 굿노트에서는 표를 첨부하는 기능이 없어서 엑셀 파일에서 만들어서 캡쳐 후 사진 삽입을 하거나 그냥 텍스트박스에 칸 맞춰서 적고 선 긋거나 했는데 불편하기도 하고 깔끔하지 않아서 아쉽더라구요 표 첨가 기능이 있으면 훨씬 더 통일성 있고 굿노트를 활용하기 좋을 것 같습니당

굿노트에서 작업하고 인쇄하는 경우가 있는데 인쇄할때 문서상에 페이지 첨가 기능이라던가 작업화면 자체에서 페이지 표시를 할 수 있으면 좋겠어요(현재처럼 보이기만 하지말고 인쇄가 됐으면,,,)"
67 avenue niel,2022-06-14 21:53:07-07:00,3,0,좋음 + 나쁨 = 굿노트,"좋은건 모두가 아실테고요,,

우선 오류가 너무 심하고, 배터리 사용 엄청 심하고, 발열, 그리고 엄청 자주 매우 자주 공유가 잘 안되는 엄청 어플이 꼬여있어요. 용량도 너무 적고ㅠㅠ 유료인만큼 개선점을 보완해주셧음해요."
122ㅂㅈㄷ123ㅂㅈㄷ,2022-06-14 21:50:59-07:00,1,0,폴더이름어케바꿈,ㅇㅇ
paperago,2022-06-14 08:41:04-07:00,3,0,Pdf파일 오류 원래 이런가요,쓰다보면 pdf파일이 일부 또는 전체 페이지가 백지가 됐다가 돌아오는데 한참 뒤에 돌아와요 나갔다 들어와도 그렇습니다 필기하다보면 갑자기 화면이 블러처리 된것 마냥 되고 필기하는 거도 그래요 그때 필기한거를 다시 지우려면 안지워 질때도 있고요 오늘은 갑자기 필기한것 일부가 사라졌다가 다시 돌아왔네요
K607OW,2022-06-14 06:56:54-07:00,1,0,굿노트 실행 오류,굿노트가 실행이 안되네요 ㅜㅜ 삭제하고 다시 깔아도 똑같고 패드도 최신 버전입니다... 어떻게 해야 켜질까요...?
앱스토어에쓸만한파일정리어플이없어힝,2022-06-14 04:53:50-07:00,2,0,error in moving tab,"it feezed when i moved tab of a note
and i should restart my mac"
kltgt0112,2022-06-14 03:56:08-07:00,4,0,좋아요,다 좋은데 올가미로 글 쓴거 옮길 때 확대나 축소 기능 넣어주셨으면 좋겠습니다
미니국,2022-06-14 01:32:06-07:00,3,0,pdf 보내기 오류,"pdf파일 페이지를 몇개 편집한 뒤 보내기로 파일에 저장했는데요, 특정 페이지가 반복되어서 저장되는 오류가 있습니다  참고하시어 개선 부탁드려요!!!"
금다현,2022-06-14 01:06:48-07:00,5,0,구매복구 오류,굿노트를 지웠다가 다시 깔았는데 구매 복구가 안됩니다 몇번을 다시 지웠다 깔았다해도 안되는데 이거 어떻게해야하나요
도언공쥬,2022-06-14 00:28:44-07:00,2,0,필기 사라짐,"굿노트 계속 필기 일부분 사라지는데 저만 이런가요 ? 
시험 내일인데 필기 사라져서 너무 짜증나네요"
허비라구,2022-06-13 21:54:58-07:00,4,0,재결제관련,"처음 굿노트를 유료로 결제하였는데 다시 사용하려고 보니 노트 3개 이상부터는 다시한번 돈을 지급해야한다는 팝업창이 떠서 구매내역복원을 눌렀음에도 
오류라는 문구가 생성되어 구매내역 복원이 되지 않습니다. 이런경우 어떻게 해야하나요 ???"
용똥용,2022-06-13 21:53:11-07:00,2,0,터치오류,"도중에 펜슬 터치는 잘되나 손으로 터치가 안될때가 많아요
좀 수정좀 해주세요"
백호랑잉ㅇ,2022-06-13 21:27:57-07:00,4,0,점선추가,수학공부할때 점선그려야하는데 그런 기능이 없는 것 같아요. 올가미처럼 생긴 점선 그릴 수 있는 그런 펜 좀 만들어주세요
ㅇ옌ㅇ,2022-06-13 20:59:48-07:00,1,0,업데이트 후 자료 소실,업데이트했는데 폴더 두개가 사라지고 그 안에있는 모든 자료가 사라졌습니다 복원 불가능한가요 전부 기기에 저장되어있던 자료인데 왜 사라지나요
kim ha ru,2022-06-13 20:12:31-07:00,5,0,정말 잘쓰고 있는데요!!,개인적으로 정말 최고라고 생각하는 앱이예요!! 근데 한가지 아쉬운 점은 형광펜에도 그려지는 모양이나 질감(?)이 다르게 나왔으면 좋겠어요! 그거 빼고는 완벽합니다!
chalrot,2022-06-13 16:25:54-07:00,4,0,좋지만,"기능면만 보면 너무 좋아서 할 말이 없지만 무료로 전환되고 난 후부터 렉이너무 심해요.. 살짝만 뭔가 추가하면 끊기고, 자료를 정리해도 나아지지를 않네요 ㅜㅜ 개선부탁드립니다.."
kaner0213,2022-06-13 06:57:34-07:00,1,1,돈 왜냄,…
silinia,2022-06-13 06:18:58-07:00,3,0,버그가 너무많아요,충전기도 안꽂았는데 멋대로 필기되고 간혹 필기가 안되기도하고ㅜㅜ
clucer,2022-06-12 23:24:39-07:00,3,0,다 좋은데,"1. 펜, 형광펜 색상 스포이드 기능 추가
2. 글씨 크기 오류 잡기

이렇게 2개만 좀 제발 업뎃 좀 해주세요"
122110j1ch,2022-06-12 17:40:58-07:00,3,0,노트 공유가 안 됩니다.,pdf랑 카카오톡으로 보내기 둘 다 실행이 계속 취소되네요. 개선 부탁드립니다.
봉봉봉봉봉ㅇ,2022-06-12 16:10:09-07:00,4,0,쓰는 중에 자꾸 꺼져요,잘 쓰고 있었는데 최근 들어 필기 중에 갑자기 앱이 강제종료 되는 경우가 너무 많아요.. 쓰다가 꺼질 때마다 내용 날아갈까봐 심장이 철렁합니다ㅠㅠ
쿠키런킹덤존나튕깁니다,2022-06-12 11:41:16-07:00,1,0,휴지통 비우기가 안돼요,계속 용량없어서 새로운 파일은 안만들어져서 휴지통 비우라는 팝업창만 계속뜨는데 막상 팝업창 비우기는 오류때문에 계속 안돼서 며칠째 못쓰고있어요 이런앱을 돈주고 산게 아까울정도네요
이이이이이이이이이이이이이이이이잉,2022-06-12 08:27:01-07:00,4,0,공부할 때 활용하기 너무 좋네요,"온라인 클래스 할때도 과제를 해야 할 때 파일을 굳이 프린트하지 않고 굿노트로 불러와 간편하게 낼 수 있고, 여러 공부, 독서 등 학업과 필기 쪽에서는 매우매우 도움이 되는 어플이에요! 

다만 다른 어플들과는 달리 글씨를 쓸 때 글자의 뻗침이 심하고 글씨체가 지나치게 얇아졌다가 굵어졌다가… 이 부분이 조금 아쉽네요 이것만 조금 고쳐지고 더 좋은 펜이 나왔음 좋겠어요… 

그래도 학생으로서 여러 방면으로 맘에 드는 어플입니당"
뇽냥녕뇽,2022-06-12 05:04:30-07:00,1,0,필기 오류좀,"무료 앱도 아니고 내가 돈내고 사서 쓰는 유료앱인데 오류는 좀 고쳐요ㅠㅋㅋ
필기 한번 하면 무한로딩… 확대 시 화질 깨짐… 나갔다 들어오면 필기 초기화… 진짜 말 좀 들어처먹게 해주세요~"
huillngdwe,2022-06-12 04:26:00-07:00,1,0,필기가 사라져요^^,"필기한 내용이나 필요한 내용 찾아서 써 둔 것들이 자꾸 사라져요!!!!!!!!!! 이전 페이지를 보면 내가 써놓은 것들이 하나씩 없어져 있다구요ㅠㅠㅠㅠㅠ 아니 그 때 그 때 필기한거라 다시 찾을 수도 없는데 이러면 어떻게 합니까.... 진짜 허탈하고 짜증나요... 개빡쳐
진짜 너무너무너누머누ㅜ넌 빡쳐!!!!!!!!!!!!!!!!!!!!!!!
계속 계에에에에에ㅔ속 없어져..!!.!.!.!!!!!!!!"
ㅇㅎㅇ0906,2022-06-12 04:17:54-07:00,2,0,보내기 기능 진짜 안되네여,아니 도대체 보내기 기능 맨날 오류뜨고 업데이트 해도 안돼 아이패드를 재부팅해도 안돼 와이파이 바꿔봐도 안돼 도대체 언제 사용할수있나요?ㅋㅋㅋㅋ진짜이것때문애 열불나 죽겠으니까 제발 수정좀해주세요ㅋㅋ
냥먕얀먕 .,2022-06-12 03:32:15-07:00,5,0,제안합니다,"굿노트 너무 잘 쓰고 있는 학생입니다.
전공 특성상 읽어야 하는 자료가 많아 주로 형광펜을 많이 사용하는데 애플펜슬을 쥔 손 말고 반대손으로도 바로바로 형광펜 색을 변경할 수 있도록 컬러변경 탭..? 위치를 자유롭게 혹은 좌측이나 우측에 옮길 수 있으면 더욱 편리할 것 같아요!"
별난땅콩,2022-06-12 02:52:54-07:00,5,0,잘쓰고있습니다+건의사항,"1. 애플펜슬로 작성 중에 모든 글씨가 갑자기 번지며 조금 기다려보면 튕깁니다. 앱을 다시 실행하면 괜찮아지는데 하루에 몇 번씩 이러니 좀 신경쓰이네요.,, 업데이트하고 이러는데 왜이런건지 

2.스포이드기능 추가 요청합니다."
송이야놀자,2022-06-11 20:22:53-07:00,3,0,기존 버전 이용시 업데이트 방법 문의,기존 버전 구매 했었는데요 이건 구매내역 확인이 계속 안된다고 나오네요 어떻게 해야하나요?
sw_hong08,2022-06-11 19:50:42-07:00,4,0,gogd for study,good notes5 is very good for study but it makes my IPAD so hot.and bettry goes down so fast. if this problem are over. i can give them 5star maybe
띠이이이이용오오오오옹,2022-06-11 17:30:35-07:00,4,0,텍스트 색변경,"잘 쓰고 있는데 유료로 사용하는 만큼 기대가 높아서인지 아니면 실제 퀄리티가 별로인지 터치오류가 심하네요 특히 텍스트로 워드 사용하는데 자꾸 다른 페이지로 넘어가져요
저는 수기보다 워드를 더 많이 사용하는데 텍스트 부분이 오류나 부족한 부분이 많은거 같아요
1. 텍스트 팔레트 편집(색깔 편집 가능하게 부탁드려요)(추가)
2. 텐스트 칸을 수정하려고 두번 터치하면 자꾸 다른 페이지로 가요(오류수정)"
somethinganythingnothing,2022-06-11 11:01:31-07:00,4,0,전체 문서들을 볼 수 있는 창 하나 만들어주세요,"전체 문서들을 한 눈에 볼 수 있는 창 하나 만들어주시면 좋을 것 같아요.
문서 이름도 까먹고 위치도 까먹었는데 찾을 수 있는 방법이 없네요…
그리고 문서를 눌렀을 때 문서의 위치를 알려주는 정보도 넣어주시면 좋을 것 같아요"
.믽,2022-06-11 10:51:59-07:00,4,0,개선사안 건의,"굿노트는  강의들을때만 썼었는데 이번에 다이어리쓰면서 더욱 다양한 기능들 사용하고있어요 가장 대중적이고 많이들 사용하는 어플에는 이유가 있더라구요 ! 하지만 업데이트때 기능이 몇개 추가되었음 해요

1. 색 스포이드 기능
인스타에서 쓰이는 기능처럼  색 복사기능이 있었으면 합니다

2. 색 프리셋, 굵기 프리셋 유지 on off 설정
필기할때나 다이어리쓸때의 펜 굵기와 색상은 다른데 계속 변경하는게 번거로워요  프리셋 유지on을 켜놓으면 설정한대로,유지를 off 해놓으면 지금 있는대로 검정 빨강 파랑 이렇게설정되었으면 좋겠어요"
공쥬릠이얌,2022-06-11 09:57:08-07:00,1,1,제발 오류개선좀요,"진짜 이런 리뷰 안쓰는데 필기하다가 화나네요 ㅠ 공부하려는데 잘 안되고 시간 낭비여서 이 앱 안쓰고 싶어질 정도네요.. 개선 부탁드릴점은 쓰다가 옆에 선이 자동으로 직직 그어지고 뚝뚝 끊기는 거 해결 부탁드립니다 ;;제발 

그리고 ;; 또 굿노트는 뭐가 아렇게 잔 오류가 많나요 쓰다가 진짜 인내심 딸려서 못 쓰겠네요;;

텍스트로 키보드 타이핑 해서 공부하는데 또 ;; 자꾸 글씨가 겹쳐져서 나타난다거나 그냥 키보드로 공부할때도 이렇게 오류가 많이 나타나네요 도대체 어떻게 공부할까요 ;;^^ 제발 ㅠ ㅠ 업데이트도 다했으니 이런 오류들 없애주세요 정말 ;"
스냅스 체고,2022-06-11 08:59:16-07:00,3,0,사진 추가,사진을 추가할 때 하나씩 밖에 추가가 안되는데 많이 추가해야하는 경우에는 너무 번거로워요 사진 추가 할 때 한번에 여러장 추가할 수 있는 기능 만들어주세요
돕도로돕,2022-06-11 08:23:30-07:00,5,0,텍스트 스타일 기본값 여러개 저장,"노트필기 시 잘 이용하고 있어요!글씨체를 바꾸고 싶을 때가 있는데 그때마다 행간이나 글씨 크기를 조정해야 되는게 조금 힘들더라고요,,텍스트 스타일 기본 값을 2개 이상 저장할 수 있게 하는거 건의?드려요~~"
아ㅏ아가가아ㅏ악 ㄱ,2022-06-11 07:53:43-07:00,5,0,하이라이터 ㅠㅠㅠ제발,"하이라이터 색상 추가를 하려고 다 추가 해놨는데 나갔다 들어오면 다시 초기 색상으로 돌아가요 ㅠㅠ계속 그래요.. 펜은 추가되는데 ..하나씩 하는것도 힘든데 펜색상 추가 한거랑 연동되거나 스포이드 기능,? 그런거라도 되게 해주세요 ㅠㅜ"
제네쓰,2022-06-11 05:27:17-07:00,1,0,ㄴ ㅣ ㅁ ㅣ,"첨엔 잘되더니
나중에는 렉이 심하다 에라이 퉷"
joooo_,2022-06-11 04:33:12-07:00,2,0,요즘따라 오류가 너무 잦아요,튕김 현상은 진짜 손에 꼽기 힘들 정도로 많이 나타나고 갑자기 다른 페이지로 넘어가거나 텍스트 크기 변경도 제대로 안 되는 경우가 너무 많습니다
2019코코,2022-06-11 04:23:52-07:00,5,0,좋아요!,"너무 잘 쓰구 있는 학생입니다.
다 너무너무 좋아요🙇‍♀️ 자주는 아니지만 꾸준히 업데이트 해 주시는 점도 높게 평가받아 마땅하다고 생각해요~! 앞으로도 잘 쓸게요!!"
곽조식.,2022-06-11 04:07:21-07:00,4,0,빨간 레이저 펜 일반 펜으로 바꿔주세요.,사라지는 거 정말.. 사람 빡치게 해요. 아니면 사용자가 지우기 버튼 눌렀을 때 한 번에 없어지게 해주세요. 레이저 펜으로 적으면 한 눈에 잘 보여서 즐겨 쓰는데 사라지는 게 너무 불편하네요. 그거 말고는 정말 잘 쓰고 있습니다! 좋은 앱 만들어주셔서 감사합니다.
ㅎㄱㅎㄱ : ),2022-06-11 02:19:48-07:00,5,0,기능 요청 사항,굿노트 구입 한번으로 정말 잘 사용하고 있습니다!!! 개인적으로 꼭 있었으면 하는 기능이 있어서 리뷰 처음으로 작성 해봅니다 ㅎ 1. 즐겨찾기 기능에 포스트잇 인덱스 색상처럼 빨간색 책깔피 뿐만 아니라 다양한 색상이 있었으면 좋겠어요 2. 즐겨찾기 해놨으면 즐겨찾기 부분만 넘겨볼 수 있는 기능이 있으면 좋겠어요 지금은 즐겨찾기 탭에 가서 넘겨도 축소판에서 전체 페이지순으로 넘어가더라구요 ㅠㅠㅠ 꼭 생겼으면 좋겠습니다!!
유딛유진유징,2022-06-11 02:03:59-07:00,5,0,다 너무 좋은데,"1. 스포이드 기능
2. 펜 다양화

이 두 가지만 다음 업데이트 때 추가 된다면 진짜 너무 좋을 것 같아요. 특히 스포이드 기능이 없어서 너무 불편해요ㅠㅠ"
초코초코한 초코칩,2022-06-10 11:08:53-07:00,1,0,필기 날아감,굿노트에 필기하고 다른 파일 불러오니까 그 전에 한 필기가 날아갔어요. 어처구니가 없어서 휴지통 들어가서 확인했는데 복구가 안 되네요….
슬퓸,2022-06-10 10:35:46-07:00,5,0,잠금기능이 있으면 완전 perfect,너무너무 잘 쓰고 있습니다! 공부할때나 일정 정리할때나 다이어리쓸때나 너무 유용해요! 모든 기능들 다 맘에들고 좋은데 딱 하나 아쉬운점이 노트에 잠금 기능이 없는게 좀 아쉬워요 ㅠㅠ 비밀번호 입력해야지 노트 내용을 볼수있게 하면 더 좋을것 같아요!!! 그냥 조그만한 저의 의견이였습니다:/
idndiska,2022-06-10 10:15:35-07:00,1,0,최악,유료 어플이면 최소한 렉은 걸리면 안되는 거 아닌가 사진 추가하는 것도 아니고 무슨 페이지 한 장 추가하는 데도 렉이 걸림? 돈 버렸다는 생각밖에 안 듦
가라가라가라나지언,2022-06-10 09:10:33-07:00,1,0,텍스트 상자 날짜 지나면 수정이 안되요,"다른 워드에서 텍스트복사해서 붙여넣기하고. 당일하고 그담날에 수정했는데. 7일지나서 텍스트수정하려고하니 완전 배경으로 먹혀서 수정이 안되요. 
아무리 텍스트 지정하려고하거나 올가미 사용해서 드래그하려고 해도 아무것도 없는것처럼 표시되서.. 수정도 안되고 미치겠네요. 새로 작성해야하는건지 소름돋아요. 제발 누구든 도와주시요"
만두15,2022-06-10 03:15:43-07:00,4,0,하루 아침에 필기가 다 날아갔네요,굿노트 너무 잘 사용하고 있는 학생입니다 이것저것 책들을 들고 다니지 않고 굿노트 하나면 되는 점이 너무 편해 지금까지 필기를 모두 굿노트로 했는데 갑자기 오늘 아침에 필기들이 다 사라져있네요 아예 들어가지지도 않는 노트도 있고 들어가지기는 하지만 백지로 남아있습니다 어떻게 해야 복구할 수 있는지 확인 좀 부탁드려요.... 불편한 게 있어도 좋은 점이 더 많아서 썼는데 이건 아니라고 봅니다
ɪɴᴇᴄᴏ,2022-06-10 00:21:11-07:00,4,0,동영상 첨부,동영상도 첨부할수있게 해쥬세요ㅠㅠㅠ
dkffkzzb,2022-06-09 21:22:52-07:00,2,0,온디맨드 리소스 누락 제발 고쳐주세요,벌써 두 번째에요 이거 때문에 백업하고 일일이 파일 자시 열고 뭐 하나라도 날라갈까봐 무서워 죽겠어요 ;;;;;;
뜽뚜루,2022-06-09 17:41:34-07:00,1,0,맥북에서는 구매이력복원이안됨 ㅡㅡ,9900언 또내게생김 ㅡㅡ
리뷰혜,2022-06-09 17:03:57-07:00,2,0,필기 밀림 없어짐,"필기하다가 중간중간 내용도 갑자기 없어지고 타이핑 쳤었는데 그 내용 마저도 없어지고 오류 좀 해결해주세여
그리고 웹으로도 보는데 혼자 필기 밀리고 없어진게 너무 많아요 제발 개선 부탁드립니다"
골프영왕,2022-06-09 06:11:43-07:00,3,0,노트,문서가. 움직이지를. 안아요.어떻게. 해야하나요?
무왘,2022-06-09 04:37:00-07:00,1,0,"갑자기 꺼지는 거, 무한로딩","시험 오픈북이라서 굿노트로 보면서 하는데 갑자기 어플이 꺼지고 ㅋㅋㅋㅋ시간도 부족한데, 근데 다시 켰더니 무한 로딩. 덕분에 시험 망쳤네요ㅎㅎ 진짜 욕나오고 미칠지경이었다. 안 그래도 오류 많은 거 참고 쓰는데,, 유료앱이면 유료앱답게 오류 좀 줄여주세요ㅜ"
나랑랄라나,2022-06-09 00:47:58-07:00,5,0,좋아요,구매했는데 기기를 바꿔 다시 사용하려하니 안되네요 ㅜㅠㅠ 어디 전달할 곳이 없어 여기에 연락들이 ㅜㅠㅠ 굿노트는 너무 좋아서 계속이용할 것 같고 옆으로 넘기기 아래로 내리는 것도 설정항목에 있었으면 좋겠습니다
으ㅜ자,2022-06-08 18:57:39-07:00,5,0,어플편리합니다,굿노트 안드로이드 버전도 만들어주시면 안될까요? ㅠㅠ 핸드폰은 애플인데 태블릿이 갤럭시라.. 연동하면 편할거같아요..
ㅇㅇㅇㅇㅇadj,2022-06-08 11:52:51-07:00,5,0,타이머 기능,우선 앱 자체는 매우 잘 쓰고 있습니다만 모의고사를 푼다거나 시간재고 문제풀때가 많은데 굿노트에 타이머 기능이 탑재되면 더 유용하게 사용할 수 있을것 같습니다
김린걸,2022-06-08 09:51:19-07:00,1,0,펜 색 바꾸려고 누르기만 하면 튕기는 현상있어요,짜증나요
주 한 분만,2022-06-08 08:54:30-07:00,3,0,자꾸 튕겨요 ..,대학교 학습 자료로 굿노트를 사용하고 있는 학생입니다 .. 굿노트가 필기하고 있을 때 자꾸 튕기고 인식이 늦게 돼서 너무 불편해요 진짜 너무 불편합니다 튕기는 오류 제발 고쳐주세요 ..
ddubidubhi,2022-06-08 08:52:54-07:00,1,0,노트 내보내기 했는데 중간부터 뒷부분이 싹다 같은페이지네요,아이패드 문제인가싶어 재부팅부터 지금 초기화까지 다해봤는데도 그대로고 심지어 핸드폰으로도 똑같네요. 심지어 할때마다 중간의 다른페이지가 쭉 중복되고요. 아무리 생각해도 앱이나 제 앱상 계정 문제겠다 싶습니다 해결가능할까요 시간 너무 버려서 힘들고 속상하네요
사오월,2022-06-08 06:58:01-07:00,1,0,왜 이래요?,"요새는
“더 쾌적한 성능을 위해 라이브러리 준비중…”이란 메세지가
왜 이렇게 많이 나타나나?
그리고 이렇게 나타나면 왜 또 아무것도 움직이지 않나요?

업데이트는 이런거 안고치나?
직원들은 이 댓글을 읽기나 할까?"
유림ㄹ,2022-06-08 06:54:07-07:00,3,0,제발 봐주세요ㅠㅠ,icloud 저장 공간이 없었을 때 저장 되지 못한 파일들이 앱을 지웠다가 깔았을 때 사라졌어요 제발 복구해주세요 시험 자료가 다 들어있어요 ㅠㅠ!
mam21@,2022-06-08 05:49:14-07:00,4,0,펜종류를 늘려주셨으면 좋겠어요,필기할 때 굿노트 너무 잘 쓰고 있어요. 그만큼 편안하고 쓰기 좋은 앱이에요 그런데 한 가지 아쉬운건 펜 종류가 너무 부족한 것 같아요 필기용 펜슬을 늘려주셨으면 좋겠어요. 특히 색연필 느낌의 펜슬이 있으면 너무 좋을 것 같아요❤️
컴퓨터를 대체할때까지,2022-06-08 05:13:36-07:00,5,0,아이패드 프로 쓰는데 계속 튕기거나 강제종료 문제 발생,"제목 그래로 pdf파일 검색하며 필기 하는 도중에 계속 튕기거나 강제종료 발생합니다. 
프로 4세대여서 Ram 6gb인데 이정도면  다른 하위 기종은 튕기는 빈도 더 심각할 거 같은데 하루빨리  빠른 최적화 업데이트 했으면 좋겠네요."
개발자님은 천재.,2022-06-07 22:45:16-07:00,2,0,필기 끊김이 너무 심해요,직선들이 여러 개 생기질 않나 점들이 와다다 찍히지 않나ㅠㅠ 쓰는 시간보다 지우는 시간이 더 많이 필요해요 필기감이 왜 최악이 됐죠 ㅠㅠ 그리고 색연필 등 펜 종류가 다양하고  펜 여러 개를 손쉽게 선택할 수 있게 해놓으면 좋을 거 같아요 3개는 너무 적어요
어쩌구저쩌공ㅇ,2022-06-07 18:31:27-07:00,4,0,연필 만들어주세요 제발 ㅜㅠ,연필 펜 원해요
sinji신지,2022-06-07 16:41:57-07:00,3,0,좋아요..좋은데…,항상 텍스트 쓰는 기능이 불편하네요.문서화 하는기능이 있었으면 좋겠습니다.
all Wii can,2022-06-07 15:14:31-07:00,5,0,너무좋아요,작동잘되요
sjasjasjas,2022-06-07 10:26:11-07:00,5,0,개선 요구사항,"1. 텍스트 붙여넣기시에 색상등 기본값저장이 되었으면 좋겠습니다
다크 모드 사용자인데 택스트 붙여넣기 하면 검은색이라서 항상 흰색으로 재설정해야합니다.

2. 사진 첨부 후 크기 조절시 한쪽 방향으로만 조절 가능하게 하면 더 편하겠네요. 현재 양방향으로 늘렸다 줄였다 할 수 있어서 사이즈 맞추기 불편

3. 텍스트처럼 사진도 복사 붙여넣기 가능하면 좋갰습니다. 현재 그림 아이콘 누르고 첨부식이라 사진을 저장해야 하는 번거로움이 있습니다."
굿노트 굿 ~!,2022-06-07 09:17:46-07:00,5,0,"스포이드 기능 넣어주세요 ,,",펜 색상 정할때 아이폰 기본기능 처럼 막 사진에 동일한 색 펜 할 수 있는거 그런 기능 있잖아요 그거 있으면 펜 색상 정할때 넘 편할거 같아요 ..
뀩꺅뀩,2022-06-07 07:37:27-07:00,1,0,업데이트 후 오류,업데이트 하고 나서 심각할 정도로 필기오류(이상한 선 생기거나 이미 작성 완료한 필기가 번지는 등) 생기고 공유 문서도 안 열리네요
나광채,2022-06-07 03:27:44-07:00,5,0,획 잘림,대체 획 잘림 현상은 언제 고칠래..?
ndfckjnds,2022-06-07 03:26:17-07:00,2,0,형광펜 끝 동그란거 싫어요,실제로 형광펜으로 종이에 쓰면 끝이 네모인데 왜 동그랗게 만든거죠?
민굽,2022-06-07 03:03:23-07:00,5,0,크레파스 펜 모양 추가 지원 부탁,"아이패드 메모장 기본 펜 모양 중에 크레파스 모양 펜이 있는데 해당 모양의 펜을 추가해주시면 감사드리겠습니다.
 아주 잘 사용하고 있습니다."
하영 뀨,2022-06-07 02:51:35-07:00,4,0,색깔칸 늘려주세요,현재는 3개만 뜨는데 5개정도로 늘려주세요 ㅜㅜ 주변 친구들도 적어서 불편하다고 하네요
햎샌,2022-06-07 02:35:18-07:00,5,0,Plz,Plz fix the loading screen after using the flash card
ES.Lim,2022-06-06 23:44:34-07:00,2,0,텍스트,"텍스트 쓰다가 한 글자 지우려고 백스페이스 누르면 텍스트 전체가 다 지워지네요,, 문제 개선 부탁드려요,,,"
아아우노녀노뉴너,2022-06-06 17:20:11-07:00,4,0,좋은데,펜 종류 좀 늘려주세요.!! 연필이나 크레용 질감 넣어주셨으면 좋겠어요
체리시me,2022-06-06 16:30:26-07:00,5,0,reasons for buying iPad,leaves several things to be desired but very satisfied for regular updates.
골목대장 쮜,2022-06-06 11:35:04-07:00,5,0,펜 굵기 변경,필기 후에도 펜 굵기 변경이 가능하면 좋겠어요. 전반적으로 글씨 굵기를 변경하고 싶을 때 이런 기능이 없어 지우고 얇은 펜으로 처음부터 써야하니 좀 불편해요
아대마우야다누아,2022-06-06 10:00:56-07:00,5,0,텍스트 사이즈 오류,"텍스트 입력을 완료한 후 다시 텍스트를 눌러 사이즈를 변경하려할때 한번에 변경되지않는 오류가있습니다. 이때 선택취소했다 다시 선택하여서 사이즈를 변경해야하는 번거로움이있어요. 오류수정부탁드립니다!! 

그리고 개선해주셨으면하는 사항이있는데 스크롤방향을 바꾸면 다른템플릿에도 적용이되는데 각 템플릿마다 편한 스크롤방향이 정해져있어서 각각 템플릿에 스크롤방향을 적용할 수 있으면 좋겠습니다.

항상 잘 사용하고있습니다. 읽어주셔서 감사합니다."
힘내주세요!,2022-06-06 07:19:28-07:00,5,0,개발자님들 제발 저의 부탁을 들어주시옵서서,"굿노트 정말 사랑하는 사람입니다 이만한 어플 없다고 생각하구요ㅠㅠ 그런데!!! 

1. 연필획 만들어주세요. 애플 기본 메모앱에 오돌토돌한 느낌나는 펜 있죠?? 그 느낌의 펜을 원해요.정말 많이 원해요.ㅠ

2. 표기능!!! 만들어주세요 정말간절히 원해요 굿노트에서 달력좀 편하게 쓰고 싶어요 제발요 이 기능이 추가된다면 3배로 잘 활용할수있을것같아요

3. 올가미 잠금기능? 필요해요. 바탕화면으로 사진을 깔아놓고 위에서 여러 작업들을 할때 이미지 올가미를 활용해서 이것저것 옮기는데요, 그럴때마다 바탕 사진이 같이 움직이니까 불편해요. 바탕에 이미지를 깐 채로 이미지로 한번 저장해서 사용하려니까 이미지 크기자체가 작아져서 펜 두께나 화질이 안맞는 문제가 생기고요! 사진자체에 이미지올가미에서 제외 이런 항목이 생기면 편할것 같아요

개발자님들 힘내주세요! 감사합니다!"
립무버어어,2022-06-06 06:01:37-07:00,5,0,추가로 넣어줬으면 하는 기능이 있습니다!,"굿노트 아주 잘 사용하고 있는 학생입니다.
굿노트에 잠금기능이 있었으면 좋겠어요ㅜㅜ"
대박 와,2022-06-06 02:22:12-07:00,4,0,정말 좋은 노트 필기 앱,유료 앱 1위인 이유가 있는 앱입니다. 하지만 형광펜 밝기가 조절이 안된다는 것은 약간 아쉬운 점인 것 같습니다.
궁금궁금궁금궁금궁금,2022-06-06 01:12:48-07:00,1,0,블루투스 키보드나 내장 키패드로 입력시 물음표로 뜨는 현상,어떻게 해결해야할까요?ㅠㅠ
어ㅉㅡ라고,2022-06-05 22:44:52-07:00,1,0,제발 지 혼자꺼지는것좀 해결해주세요,"업데이트후에도 혼자꺼져요 
유료어플이면 이런것좀 신경써줘야하는거아닌가요 
받을수있는 용량을 늘려주던가 
파일이 용량 좀만커지면 지혼자 강제종료ㅡㅡ 돈아까워죽겠네요 
다른 앱은 안그러던데 
갈아탑니다,, 이거사지마세요ㅜㅜ다들"
jen_nnni,2022-06-05 22:42:43-07:00,1,0,Text issue,Parts of words are disappeared when I type and touch other area
mangeossoosd,2022-06-05 21:44:09-07:00,1,0,파일 삭제가 안돼요,용량이 차서 휴지통 비우라는데 비워지지도 않고 파일들이 삭제되지도 않아요 해결방법이 있나요
yjihii,2022-06-05 19:26:03-07:00,1,0,PDF변환 오류,굿노트에서 파일을 편집에서 다시 pdf로 내보내는 기능을 사용하면 pdf가 만들어지는데 거기에 같은 페이지가 여러개 중복되어서 나타나고 누락되는 페이지도 자꾸 생깁니다. 빠른 시일 내에 해결해주세요.
엄청개구리,2022-06-05 18:39:42-07:00,5,0,Good Note,"Good Note is...
Very Good Note~!
한 번도 안써본 사람은 있어도 한 번만 써 본 사람은 없다.
다만 레이어 기능이 있었으면 정말 좋겠다~!"
가로모드 애플펜슬,2022-06-05 09:17:33-07:00,5,0,스포이드좀 ㅈㅂㅈㅂ,"스포이드 기능 추가해주세요…… 제발요……. 진짜 간절히 필요합니다아아아아아아아
지우개 크기 조절도 가능하게 해주세요"
내일이 시험인 사람,2022-06-05 06:53:27-07:00,4,0,편하지만 더 편리해졌으면 좋겠어요.,"필기모드에서 종이밖의 여백을 애플펜슬로 스크롤할 수 있었으면 좋겠어요. 그리고 위쪽이 아닌 옆쪽 같은 곳에 펜, 지우개, 형광펜을 선택할 수있는 위젯같은게 있으면 더 편할 것습니다..!"
딤디리딤,2022-06-04 21:46:32-07:00,1,0,자꾸 필기오류가 납니다.,글씨를 쓰다 이전단계로 되돌아가기 버튼을 누르면 이전이전 단계로 되돌아가거나 형광펜 을 사용하면 찍그어져 화면 전체를 그어버린다던가 하는 문제가 너무 심해 어플을 사용할 수가 없습니다.
나는지금비비빅먹는중,2022-06-04 20:42:18-07:00,5,0,잘 쓰고 있는데 도와주세요,"예전에 리딤코드로 구입했는데
아이패드를 재 구매하고 설치하려고 하니까 구매복원이 안되네요
이럴 경우 어떻게 해야할까요?
급한대로 3개 노트외에 다 삭제했는데.. 방법 좀 알려주세요"
ansbdnajdbd,2022-06-04 20:38:49-07:00,1,0,아니 노트북에서 택스트 입력,한 열번하면 한번은 아예 입력이 안됩니다. 진짜 졸라 빡침 키보드 부수고 싶은게 한두번이 아님 제발 좀 고치세요
꿀꿀박스,2022-06-04 07:44:37-07:00,5,0,기능 추가해주세요!,"굿노트를 정말 잘 사용하고 있는 대학생입니다.
만족해서 잘 쓰고 있어요-!하지만 더 추가 되었으면 하는 기능이 있어요!!

1) 두 페이지 보기 (스플릿뷰 말고, 한 파일을 두 페이지씩 볼 수 있었으면 좋겠어요)

2) 필기 전체 지우기 (한 파일의 모든 필기를 초기화 하고 싶을 때가 있는데 한 페이지씩 해야되서 불편하더라고요ㅠㅠ)

3) 다양한 펜 지원 (특히, 각진 형광펜도 있었으면 좋겠습니다)

4) 파일 병합 기능 (페이지 추가 말고, 굿노트 내 파일들 중 원하는 파일들을 합치는 기능이 있었으면 좋겠어요)"
꼬흥이,2022-06-04 05:42:37-07:00,5,0,늘 공부할때 잘쓰고 있습니다,"타이핑 필기할 때
이모티콘 넣으면 글씨체가 기본글씨체로 돌아가는 현상이 있는데.. 필기 시 굉장히 불편하네요ㅠㅠ 관련 업데이트 가능할까요?"
서욜하ㅚㅓ하ㅕㅏㅛㄹ,2022-06-04 03:28:58-07:00,1,0,손바닥 인식 되는 거 좀 고치세요,손바닥 인식 해제했는데 요즘 가로 일직선으로 선이 자꾸 그려집니다. 저에게만 일어나는 버그가 아니더군요. 솔직히 글씨 쓰는 게 너무 불편해서 요즘 노타빌리티도 다운받아서 쓰고 있네요. 노트인만큼 필기에 대한 오류는 좀 개선을 빨리 해주셨으면 좋겠네요
ㄴㄴㅇ별로,2022-06-04 01:46:53-07:00,1,0,파일,파일이 500장 정도 넘어가면 읽다가 자기혼자 꺼지고 페이지도 안읽히고 해상도 다 깨지는데 이건 어떻게해야하나요 ? 파일을 보내려고 해도 읽다가 자기혼자꺼지고 답답해 미치겠네요
ㅇ라단ㅇㅇㄹ,2022-06-04 00:43:03-07:00,3,0,튕김 오류,"자꾸 필기 도중에 튕겨서 앱이 꺼집니다
이유를 모르겠네요 한 시간에 두 번 꼴로 튕기는데
기종은 아이패드 에어 4입니다"
22trre,2022-06-03 22:42:12-07:00,5,0,2가지만 추가된다면 가장 완벽한 노트필기어플!,"너무 잘 쓰고 있습니다. 딱 2가지만 있으면 완벽할 거 같아요 

1. 끝이 네모난 형광펜이 있으면 다른 노트필기어플을 평정하고 압도적인 노트필기어플로 자리매김을 할 거 같습니다!!!! 
지금은 굿노트, 노타빌리티, 플렉슬을 번갈아 사용하고 있는데 
끝이 네모난 형광펜이 있으면 굿노트로 충분할 거 같습니다. 

아니면 하이라이트 노랑 하나만이 아니라 색깔을 여러가지로 할 수 있으면 좋을거 같습니다. 노랑 하나만으로는 부족해요. 필기를 효율적으로 하기 위해서 다음 업데이트에 포함시켜 주시면 감사할 것 같습니다!

2. 타이핑할때 텍스트 스타일을 하나만 지정할 수 있는데, 한개로는 부족함을 느낄 때가 있습니다. 필기를 할때 스타일이 여러개 있으면 빨리빨리 바꿀수 있어 더 편리할 것 같습니다. 

늘 좋은 업데이트를 해주셔서 감사합니다"
렉때문에 게임을 할 수없음,2022-06-03 21:38:43-07:00,4,1,제 손의 움직임을 감지하여 글쓸 때 페이지가 넘어갑니다.,"제 손의 움직임을 감지하여 글쓸 때마다 페이지가 넘어가요.
그래서 글 쓸 때마다 불편합니다.
또한 펜의 색깔이 상단에 세개까지 나와있는데 5개로 늘렸으면 좋겠습니다.
세개밖에 없어서 자꾸 한번 더 터치하여 팬의 색깔을 바꾸는것이 번거롭습니다."
Luluuru,2022-06-03 21:05:21-07:00,5,0,goodnote is very useful,"This app is very useful, you can do anything you want to do by this app. And also it can be used in studying"
tshoong,2022-06-03 18:11:19-07:00,4,0,좋아용~~,회의할때 최고. 아이폰하고도 연동이 되어서 너무 좋아요.
사부레,2022-06-03 13:07:53-07:00,5,0,다 좋은데 발열문제좀…,이상하게 굿노트만 키면 발열이…. 따끈따근 해집니다.
제발 부탁드립니다 !!!!,2022-06-03 07:32:56-07:00,4,0,네온 펜 추가해주세요,"펜 종류 중에 현재에는 빨간색 네온 펜이 있는데 그건 그냥 작성하는 용도가 아니라 금방 사라져서 이런 점이 조금 아쉬워요
펜 흔적도 사라지지 않고 색상도 여러가지로 할 수 있게 해서 네온 펜 하나 추가해주세요 제발요ㅠㅠㅠㅠㅠㅠ"
orige1122,2022-06-03 04:39:13-07:00,1,0,올가미 도구 사용 오류,올가미 도구 사용하려고 하면 중간에 자꾸 선이 사라져요.. 그리고 필기하다가 선이 뚝뚝 끊어질 때가 너무 많아요 빠른 시일 내에 해결 부탁드립니다.
cesco159,2022-06-03 02:55:34-07:00,4,0,전체 페이지지우기 만들어주세요,공시생이라 문제를 계속 반복적으로 풀어야 할 때가 많은데 그럴때마다 한페이지씩 지우는게 너무 번거롭고 힘듭니다
원합니다!!,2022-06-03 00:02:33-07:00,1,1,요즘 굿노트 왜 이러나요,한 번도 그런 적이 없었는데 요즘 펜슬로 필기할 때 끊김 현상이 자주 발생하더니 이제는 타이핑 하면 중간에 멈춰서 더이상 수정이 안되네요… 그렇게 되면 계속 더이상 수정 안 되는 문단을 복사해서 다음 페이지로 다 옮겨 놓고 다시 수정을 해야하는 데 갈수록 이 현상이 심해져요 .. 고쳐주세요
aidneybrnf,2022-06-02 07:11:52-07:00,4,0,페이지 두 장을 한 번에 볼 수 있으면 좋겠어요,"두 페이지를 한 화면으로 보려면 분할화면으로 해야하는데 필기구 옵션을 좌우 페이지에서 따로 바꿔야하는 번거로움도 있고 분할화면으로 사용하면 페이지 넘기는 것도 좀 불편하게 느껴지네요
e북 어플처럼 좌우 페이지를 한 번에 펼쳐서 보는 기능이 있으면 좋겠네요
예를들면 1페이지 2페이지를 붙이고 3페이지 4페이지를 붙여서 한 장으로 볼 수 있게요"
별명없는데하으닝,2022-06-02 00:58:22-07:00,3,0,폰과 패드 연동 안됨,"아이클라우드로 동기화하는 도중 오류가 발생했습니다
기기에있는 노트는 안전하지만 오래된 버전일 수 있습니다 오류상세사항:
서버에 문제가 있는 것 같습니다 나중에 다시 시도하시기 바랍니다
최신버전 업데이트 했고 기기 전원 껐다 켜봤는데도 연동 안돼요 서버오류 정말 오랫동안 개선이 안되서 리뷰 쓰러왔어요 얼른 해결해주시면 이용하는데 추가불편없을 것 같아요"
푸드덥,2022-06-01 23:04:16-07:00,3,0,synchronization with other devices is failing too often,"synchronization with other devices is failing too often. 

I'm using this app on mac, iphone, and ipad and the contents synchronization fails everytime they updates the version which is annoying."
아라라라올,2022-06-01 21:51:14-07:00,5,0,정말최고,너무잘쓰고있어요😉☺️
짱구구구구덕후루루ㅜ,2022-06-01 20:39:14-07:00,5,0,개선사항 꼭 부탁드려요!!,"화면분할시 색바꾸고 굵기 바꾸는게 너무 힘들어요ㅜ하나하나 다 선택해야하고ㅠ 
또 볼펜말고도 색연필 등 여러 펜들이 
추가됐으면 좋겠고
 제일 중요한점⭐️⭐️⭐️은
색이나 굵기가 3가지 밖에 안돼서 너무너무 불편해요ㅠㅠㅠ 최소5가지는 추가로 늘려주셨으면 너무 좋을것같아요..!!
부탁드려요!!.!.!😭"
핳 실먕,2022-06-01 18:22:07-07:00,3,0,힝,잘쓰고있는데 녹음기능도 추가해주세요
인스타야이것좀빨리해결ㅂㅌ,2022-06-01 08:31:34-07:00,4,0,진짜 글씨 끊기고 튕기는거….,"필기하려고 아이패드 산건데 글씨 뚝뚝 끊길때마다 진짜 아이패드랑 애플펜슬 부셔버리고싶을만큼 화나고 거슬려요 제발 해결 좀 해주세요 개발자님…!,"
쥐가 한마리 쥐가 두마리,2022-06-01 07:12:33-07:00,1,0,구매를했는데 무료이용자라고뜨네요,"구매를분명했는데 무료사용자라고뜨고 지웠다 다시 깔았는데도
이렇게뜨네요 어케해야하나요?"
.LeMY,2022-06-01 07:02:48-07:00,1,0,그동안 잘 사용해왔는데,업데이트 한 이후로 파일로 불러오는 것이 안돼요 굿노트 내에서는 되는데 카카오톡으로 받은 pdf를 굿노트로 열기 하면 안 열리네요 왜이러죠
선호가나라다,2022-06-01 06:40:58-07:00,2,0,깨져보이는게 너무 심해요,확대해서 필기를 하면 글자 깨짐이 너무 심하네요 업데이트 전엔 괜찮았는데..ㅜㅜ버그 수정좀 해주세요
orange1253,2022-06-01 06:37:50-07:00,5,0,개선점,"굿노트에 정리한 파일의 마인드맵을 보여주는 기능
점선을 그릴 수 있는 기능
올가미로 감싼 부분을 다른 파일로 바로 옮기는 기능
각 파일에 비밀번호를 넣을 수 있는 기능
텍스트를 움직이지 않게 고정시킬 수 있는 기능
텍스트 상자 전용 템플릿
등을 추가 부탁드립니다"
매운낙지볶음,2022-06-01 05:07:44-07:00,4,0,아이폰이랑 아이패드 필체 동기화,"아이패드에서 적은거 아이폰에서보면
폰트도 다른거고 줄맞춤같은것도 달라요
왜이런건가요 ㅠ"
앙이공주,2022-06-01 04:25:44-07:00,3,0,파일 안뜸,파일을 분명히 만들었는데 리스트에는 없고 돋보기에 검색하면 뜹니다. 안보이는 파일 어떻게 삭제하나요
강리즈,2022-06-01 03:29:01-07:00,5,0,1년간 정말 잘 사용하던 중 최근 오류발생TT,최근들어 필기가 끊기고 5분에 한 번 꼴로 튕겨서 재접속해야 하는 일이 발생하고 있습니다. 다른 필기어플은 모두 정상작동 하는 것을 보니 제 기기 문제는 아닌 것 같아 글 남깁니다.. 오류가 있다면 검토 후 시정 부탁드려요...!
potbingsoolover,2022-06-01 02:35:41-07:00,1,0,Too slow and sometimes doesn't work,i don't know why they don't take any action? i maybe should find another app
버그생기면짖는개,2022-05-31 22:32:38-07:00,3,0,제발 텍스트 칠때 튕기는 것 좀 고쳐주세요 ㅡㅡ,다 좋은데 텍스트 치면 계속 튕기고 뒤로 가기 해도 없어지는데 버그 좀 수정해주세요 ㅡㅡ
박하민티,2022-05-31 22:20:16-07:00,1,0,페이지 로딩이 안될 때 앱이 아예 꺼집니다,".문서 파일이 많지도 않은데, 페이지 이동하려고 페이지 전체보기 아이콘 누르면 안 뜨더니 갑자기 꺼져버려요. 
너무 빈번해서 개선 부탁드려요."
goooooodnote user,2022-05-31 21:46:11-07:00,4,0,Please add Pencil (color pencils or crayons),I love this app and pretty much satisfied but it would be better if pencils or crayons are added.
펜종류늘려주새요,2022-05-31 09:04:26-07:00,1,0,펜 종류 늘려주세요ㅠㅠ,"아이폰 메모장에 있는 연필 같은 펜 늘려주세요
기존 펜들로는 필기를 도저히 못하겠어요
글 쓸때마다 글씨 끝이 날려요"
펭냥지,2022-05-31 07:10:51-07:00,1,0,뒤로가기 오류,"아니 진짜 돈주고 쓰고 있었는데요 
잘 쓰다가 어느순간 뒤로가기를 누르면 앞에 썼던 내용들도 뒤로가지면서 지워지거나 없어지거나 서로 섞여서 다시 써야하는 시간낭비가 종종 일어납니다
평소에는 그냥 좀 불편하지만 그냥 지우개로 쓰지 하는식이였지만 시험준비를 할땐 더더욱 예민하고 짜증이 많아지는데 이런 버그인지 오류인지 때문에 열심히 필기한 것이 망가져 시간낭비가 되며 너무 속상합니다 무료도 아니고 유료도 돈 내고 쓰는데 이러한 오류는 수정해 주셨으면좋겠습니다"
바르게좀 살자,2022-05-31 03:30:15-07:00,3,0,업데이트 이후로 앱이 너무 자주 꺼져요…,"업데이트를 하기전엔 정말 단점은 없었어요
근데 업데이트 이후로 정말 사용을 하기 힘들 정도로 너무 자주 앱이 꺼집니다…..빠른 버그 및 오류 수정 부탁드립니다"
SAL9UU,2022-05-30 22:01:36-07:00,5,0,Font size and line spacing problems,"Hello I’m goodnote user and I am satisfied with any other thing but have just two problems. I hope you can solve these problems.

First, the font changes differently, for example I'm typing with two fonts at the same line. And the there are some particular sizes that can’t use. For example, 24pt works, and no 25 pt, it just moves straight to 26 pt.

Second, the line spacing does not stay the same even though I set to default values. I click the button and then when I go back to the line spacing, It is same as the one before. And I can’t understand how I can sets the line spacing to default values.

I really hope these problems to be solved because it bothers so much and more on I can’t use this app as usually. I have waited ever updates but these problems were still there. But I appreciate all other useful thing in the app. Please help with this problem."
이쑤u,2022-05-30 17:16:11-07:00,1,0,필기 오류때문에 도저히 쓸 수가 없네,유료앱 퀄리티 수준..
아니무슨별명을,2022-05-30 05:53:12-07:00,3,0,동기화오류가 지속됩니다,"아이패드랑 아이폰이랑 동기화 안된거 몇달 된것같아요

iCloud로 노트를 동기화하는 도중 오류가 발생했습니다.
기기에 있는 노트는 안전하지만 오래된 버전일수 있습니다. 오류 상세사항 : 서버에 문제가 있는 것 같습니다. 나중에 다시 시도하시기 바랍니다.

이렇게 오류창이 뜨는데, 아이패드에서 작성하는 도중에도 계속 뜨고, 아이폰에서도 오류창이 계속 뜹니다.
서버문제라는데 도대체 뭘까요"
눈감벗,2022-05-30 04:54:47-07:00,1,0,자꾸 법석임,유튜브 영상은 잘 나오는데 pdf파일 하나를 로드 못 시키는 게 이상함
문서 병합 소취,2022-05-30 04:11:42-07:00,5,0,문서 병합 기능 진짜 필요해요,짧게 짧게 드래프트식으로 만든 문서를 하나의 문서로 병합하는 기능이 있으면 정말 좋을 것 같네요! 복사 붙여넣기로 병합하는 것보다 훨씬 간단해질 것 같아 꼭 필요한 기능이라고 생각합니다 의견 반영해주시면 감사할 것 같네요!
핰마타,2022-05-30 03:17:24-07:00,5,0,폴더 잠금 가능하게 해주세요!!!!,일기나 다이어리 ㅆ는데 아이패드 빌려주면 누가 볼까 좀 그래요!! 제발 잠금 설정 가능하게 해주세요ㅠㅠ
dlekdudekek,2022-05-29 06:38:24-07:00,2,0,문서공유 기능,"휴지통에 버린 파일들까지도 공유되는건지 몰랐어요.
휴지통에 버리면 공유 끊어지게 해주세요.

그리고 공유에 있어서 열람자랑 편집자를 분리할수 있으면 좋겠어요.
공유문서에서 편집 로그도 볼 수 있으면 더 좋겠습니다."
l그잉,2022-05-29 04:01:09-07:00,5,0,goooood,It will be great if it can deal with multiple window!
gvgygygygygyhini,2022-05-29 03:49:48-07:00,1,0,버그가 너무 많네요,유료 어플임에도 불구하고 복사가 안된거나 동기화가 안되는등 자질구리한 버그가 많네요. 새로운 기능을 업데이트 하기보다는 현재 애플리케이션에 있는 버그들을 먼저 고쳐주시면 감사하겠습니다.
어린콩 약대생,2022-05-29 03:44:23-07:00,1,0,어플 자체를 이용할 수 없는 수준의 오류 해결 부탁드립니다,이중창으로 하면 10초에 한번씩 튕기고 그동안 작성한 내용은 다 날라가서 아예 이용을 할 수가 없네요
sss121212121212,2022-05-28 22:08:11-07:00,5,0,good,so good
진짜존나못만듬,2022-05-28 19:37:02-07:00,1,0,진짜 개못만듬,앱을 왜 이따구로 만듬? 어케 구매하라는거임?
답답한 취소처리 실망이에요ㅠ,2022-05-28 18:26:09-07:00,3,0,끊김오류,굿노트 잘 사용하고 있어요 한가지 아쉬운 점이라고 하면 필기하는 도중 갑자기 끊겨요 한 번만 그랬으면 넘어갔을텐데 좀 자주 그러네요 빨리 고쳐주시면 좋겠습니다
물티슈0421,2022-05-28 08:27:22-07:00,1,0,필기 삐침 현상,필기오류가 계속 발생하기에 패드 문제인 줄 알앗는데 리뷰를 보니 저와 비슷한 오류를 호소하는 분들이 많네요. 제가 긋지 않는 방향으로 여러 개의 줄이 그어지는 삐침 현상이 계속됩니다. 오류를 하루빨리 수정해주세요
애미뮤애뮤밈,2022-05-28 07:28:19-07:00,5,0,결제 문의,"9900원으로 결제했는데 어디서 결제되었는지 모르겠네요. 휴대폰 결제로 된건지, 어디로 된건지 알아봐주세요."
임경지,2022-05-28 05:29:34-07:00,4,0,"잘 쓰고 있었는데요,","저는 아이클라우드 계정 하나를 사용해 아이패드와 아이폰에 앱을 깔아서
아이패드에는 필기하고 폰으로는 필기페이지를 보고 벅습합니당 근데 3일 전 부터 네트워크 연결상태가 좋음에도 불구하고 폰에서 필기한 페이지가 안 뜨네요….
이거 왜 그런가요? 어떻게 다시 불러오나요??"
응가워뉴,2022-05-28 03:49:44-07:00,5,0,정말 잘 쓰고 있는 데 불편한 점 있어요!!,"볼펜 굵기 조절 한 5,6mm까지 늘려주시면 좋을 것 같아요"
아아ㅏ나나아찿,2022-05-27 17:25:45-07:00,1,0,앱 계속 꺼짐,"아니 무료도 아니고 유료어플인데 1분꼴로 앱이 꺼집니다
옛날엔 안 그러더니 자꾸 튕겨요
필기할때마다 빡칩니다 진짜"
ㅠㅡㅠㅡㅠㅡ,2022-05-27 00:39:51-07:00,4,0,진짜 다 좋은데,필기 오류 너무 심해서 공부 흐름이 끊겨요 만년필 필압이 이상해서 중간에 지꾸 얇아졌다 두꺼워졌다 하는데 스트레스 받아요 진짜!!!!  ㅠㅠ 필압 민감도 0으로 해도 안되고 몇달전까지도 안그랬는데 ㅠㅠ 고쳐주세요 제발…
김아서,2022-05-27 00:16:52-07:00,4,0,딱 하나만,"플래시 카드에서 문제가 랜덤으로 나오고 있는데,
랜덤 말고 순서대로 내주는 기능이 추가되면 정말 좋을 것 같아요."
아라하마나아벼,2022-05-26 22:16:43-07:00,3,0,좋으나 아쉬운 점이 많다,"기능)
한번에 두페이지 보기가 지원안됨. 이건 아주 예전부터 업데이트 해달라고 수많은 유저들이 요청하던건데 왜 안해주는지 모르겠다.

자잘한 오류들)
1. 축소판 보기를 누르면 내가 현재 보고 있는 페이지가 아니라 1페이지부터 표시된다. 축소판 보기를 수차례 껐다 켜야 현재 페이지를 제대로 찾는다. 이 오류가 자주 발생한다. 

2. 어떤 페이지를 보고 있는데 갑자기 몇분 전에 보던 페이지로 돌아갈 때가 있다. 다시 찾으려면 한참이 걸리는 상황도 있어 너무 짜증난다."
으아우ㅏ마므ㅏ,2022-05-26 17:15:16-07:00,1,0,굿노트 진짜 좋은데 ..,진짜 좋고 양식 나눔들도 많고 좋은데 유료 어플이고 많은 사람들이 쓰는 데에 비해 조금 부족한 부분들이 몇 가지 있어요 먼저 pdf파일 장 수가 많으면 페이지 로딩되는 데에 시간이 오래 걸려요 .. 수능특강같은 거 풀 때 페이지 넘길 때 마다 버퍼링때문에 기다려야돼요 ㅠㅠ 위랑 연결되는 문젠데 pdf 장 수가 많아서 그런가 위에 필기할 때도 버퍼링이 있어요 .. 필기시에도 좀 느껴지는데 지울때는 진짜 심해요 너무너무 불편합니다 ㅜㅜ 그리고 필기감 안 좋은 건 막 엄청나게 체감은 못 하겠지만 타 어플들이랑 비교해보면 그 뻗침같은 부분에서 느껴지네요 종이에 쓰는 필체 그대로 나오진 않아요 굿노트 정말 잘 쓰고있고 좋은 어플 개발해주셔서 너무 감사합니다 조금만 개선해주신다면 더욱 잘 쓸 수 있을 거 같아요 개발자님들 제발여 ㅠㅡㅠ 그래도 사실 타 필기어플들보다 자주 사용하게 되고 편한 느낌이에요 굿노트가 이번 업데이트에서 플래시카드 페이지가 생긴 것 너무 좋아요 !!! 그런데 플래시카드 학습할 때 답을 보기 전 answer칸에 글씨를 쓸 수 있는 기능이 있었으면 좋겠어요 감사합니당
완전 맘에쏙듬,2022-05-26 15:27:51-07:00,1,0,구매 복원 오류 떠서 한번 더 구매했어요 ㅠㅠㅠ,"알주일 넘게 계속 구매 복원이 오류이길래 
다운 받고 지웠다가를 반복했는데도 
도저히 안되는거애요. 
안에 있는 내용 급하게 써야하는데 
답답해서 한먼 더 돈을 내버렸어요..하 ㅠㅠㅠ 
이런건 어떻게 해야하나요.. 
애플에 문의하면 환불 받을 수 있나요"
7892038,2022-05-25 22:16:44-07:00,3,0,왜 플래시카드 속지가 없나요,ㄴ=
drum & sound,2022-05-25 22:02:34-07:00,1,0,복사  붙여넣기 자동 회전기능???,"글자, 그림 복사해서 붙여넣으면 자동으로 회전되서 붙여지는데
수정 부탁드립니다."
한 번씩 해보세용,2022-05-25 20:07:02-07:00,5,0,글자가 삐뚫어요,정말 다 좋은데... 타이핑해서 글자를 넣으면 일자가 아니에요 일자 고정이랍시고 수정도 안 되고 ㅠㅠ
9root,2022-05-25 18:15:35-07:00,4,0,Hi there~,"안녕하세요. 5 출시이후로 잘 쓰고 있습니다
원래는 자료 읽을 때만 사용하여 필기에 큰 불편을 못느꼈는데
요즘 필기기능을 사용하다보니 다소 불편한 점이 있어 남깁니다
필기류 즐겨찾기  탭을 추가해주시면 좋을것 같습니다
펜과 지우개의 전환은 펜슬기능이 있어 빠르지만 
형광펜 썼다 펜썼다 하기엔 약간 번거로움이 느껴집니다^^
개발자 분들 화이팅"
버그버그개선좀,2022-05-25 02:53:43-07:00,2,0,형광펜 사용시 직선 생김 오류,형광펜에서만 엄청 오류 나요……… 다음 페이지 넘겼다가 돌아오면 페이지 전부 난장판 되어있고.. 하…..
ㄴㄱㄹㄴㄱㄹ1234,2022-05-25 01:08:45-07:00,1,0,개빡치네,뭐 필기 하려하면 꺼지고 정지하고 집중하려하면 멈추고 껏다켜도 멈춘 상태로 있고 뭐 정신병 걸리겠네 화병걸려 뒤지라는 것도 아니고 자살마렵게 만드네 ㄹㅇ 뭐 아이패트 세대 좀 낮으면 쓰지말라는거임?ㅎ하하핳하햏ㅎㅎㅎㅎ하ㅏㅎ하ㅏ아주 미쳐버리겟넾ㅋ카캔래레ㅔ헤네케ㅔㅋ케ㅔㅋ레헿네켛네ㅔ네네넨헨헨헿ㄴㅎ네ㅔㅎ넿ㄴㄴ헿네네헨헿넨헨헿넿네ㅔㅎ넿넿ㄴ헤넨헨헿네헤넨헨헨헨헿넿넿녜네헿넿넨헿ㄴㅎㄴㅎㄴ헤켛켛ㅋㄴㅌ넨케헤켘헼ㅎㅎ켘헼헼헼ㅎ케헿켘헤헿ㅋ헿ㅋㅎㅋㅎㅋㅎㅎ켘헼헿케ㅔㅎㅋ헼ㅎㅋ헤ㅔㅋ헼헼헤헿케ㅔㅎㅋㅎ켛켘헼헿ㅋㅎ케케헼ㅎ헼헼ㅋ헼헼헤헼헤ㅔㅋㅎㅋ헿켛켛ㅋㅎ케ㅔㅋ헼ㅎㅋ헤케헼헼헼헿켘헼헤케헿ㅋ헼켛헼헤헼ㅎ켛케켘헼헤케헼ㅎ헼헤케헤케헤헤헼헤헤ㅔㅎ헤ㅔ헤헿켛켘헼헼헼헤켛켛켘헼헿ㅋㅎ헤헼헿ㅋㅎㄴ헼헤케헿ㅋㅎ켘헼헿헿켘헿ㅋㅋ헤헿켛ㅋ헿켛헼ㅎㅎ켛케ㅔ켘헤헼헼헤케헿켘ㅎ켛헨헪ㄴㅋㅎ헿넿켘헼헤ㅔ테텤헤ㅔㄴ헨헤네헨헤ㅔ넪ㄴ헤ㅔㄴㅎㄴㅎ넨헤네헪ㄴ헤ㅔ헿ㄴㄴ헿넨헨헤ㅔㅔㅔㅎㄴㄴㅎ네헿네네ㅔㅔㅔㄴㅎ케ㅔㅔㅎ켛ㅋㅎㅋ헤케케ㅔ케케ㅔ헿케ㅔㅎ케ㅔ켘헤ㅔ케ㅔㅎ케헼켘헤ㅔㅋㅎ케ㅔ헤ㅔㅔㅔㅋㅎ케ㅔㅎ케ㅔ헤켛ㅋ헼헤ㅔㅋㅎㅎ켛케ㅔㅋ헤ㅔ켛ㅋ헤ㅔㅔㅎ케헤켘헿케ㅔㅎㅋㅋ헤헼헼헤ㅔㅔㅋ헤케헼헤ㅔㅎ켘헼헤ㅔㅋ헤ㅔㅋ헤ㅔㅋ헤ㅔㅋ헿케ㅔㅋㅎ헼헤헤켛ㅋ헤케ㅔㅎㅋ헤ㅔ헤헼헤ㅔㅋ헤ㅔㅋ헼헤ㅔㅎ케헼헼헤케헤케헼헤ㅔㅔㅋㅎㅋ
;;ㅁ,2022-05-24 22:27:01-07:00,4,0,파일 순서 변경,"만 원이나하는 유료앱인데 아주 간단한 파일 순서 하나 변경 못 하는 건..ㅠ
업뎃 바랍니다. 
다른 회사는 비슷한 기본필기앱에서도 가능하다던데 유료앱에서 안 되는 건 어처구니가 없네요. 더군다나 대부분 양 많은 대학, 시험 공부를 위해 쓰는 분들이 대다수일텐데"
.서영,2022-05-24 21:40:55-07:00,1,0,앱 실행이 안돼요,수업들어야되는데 업데이트하라해서 했더니 계속 로딩만 되고 그 뒤로 진행이 안돼요 답답함
신한러버,2022-05-24 20:34:20-07:00,5,0,다좋은데,Pptm파일은 못열어서 쓰질 못함
귀여운죠르디슝,2022-05-24 19:39:49-07:00,1,0,아이패드 필기오류,"애플펜슬로 필기시 굿노트 어플에서만 선이 원하지 않는 방향으로 그어지는 현상이 발생합니다. 매우 높은 확률로 발생해서 굿노트 어플을 도저히 쓸 수 없는 지경에 이르렀습니다. 아이패드 기본어플 및 다른 어플에서는 이런 현상이 발생하지 않습니다. 따라서 아이패드, 애플 펜슬의 문제보다는 굿노트 어플 자체의 문제라고 생각합니다. 여러가지 조치를 취해보았으나 전혀 해결되지 않았습니다. 리뷰를 보니 저와 같은 증상을 호소하시는 분들이 많습니다. 빠른 시일내 조속한 조치 부탁드립니다."
새까만 다람쥐,2022-05-24 18:43:43-07:00,1,0,카메라 기능,사진삽입을 할 때는 잘 되지만 촬영을 해서 바로 이미지를 올리고 싶은데 카메라를 누르면 카메라가 안켜져요…. 촬영버튼이랑 확대같은 설정은 뜨는데 카메라가 안 켜집니다. (본 카메라가 고장난 것은 아닙니다.)
밍글밍글밍구,2022-05-24 05:59:45-07:00,5,0,추가 요청사항!,노타빌리티처럼 녹음하면서 쓰는 부분이 나오도록 해주세요..ㅌ
rkdalsrudddddddddd,2022-05-23 23:56:18-07:00,5,0,스포이드 기능,스포이드 기능이 있으면 좋겠습니다
82JJK,2022-05-23 20:41:07-07:00,3,0,잠금 설정,잠금 설정 만들어주세요  제발요
어노어며,2022-05-23 18:32:47-07:00,4,0,학습 플래시 카드 오류,학습 플래시 카드가 어느 정도 하다보면 로딩중이라고 계속 뜨고 안나오네요…. 빨리 고쳐주세요 ㅠㅠ
랴샤,2022-05-23 16:59:38-07:00,4,0,이미지추가기능 요청,"이미지 순서대로 여러장추가할 수 있는기능 만들어주세요!

하나씩 템플릿에 추가하기 힘들어요 ㅠㅠ"
youd48,2022-05-23 16:35:16-07:00,3,0,부탁드리고 싶은게 있어요,올가미 툴을 필기로 통일하지 말로 하이라이트와 펜을 나눠서 썼으면 좋겠어요 하이라이트만 움직이고 싶을때랑 필기만 움직이고 싶을때 사용이 굉장히 불편합니다
짱이요~!,2022-05-23 07:56:13-07:00,1,0,아이패드 필기 인식오류 개선해주세요,"안녕하세요 아이패드 구매이후 1년 4개월째 꾸준히 굿노트를 사용중입니다. 저는 아이패드로 공부를 하고 있는 학생이라 굿노트를 하루에도 8시간정도 사용중인데요, 많은 시간을 들여 이 어플을 사용하는 만큼 이 어플의 치명적인 단점인 동시다발적인 필기인식오류를 개선해주셨으면 합니다.                      우선 이 필기인식오류현상에 대해 자세히 설명드리자면, 펜슬을 이용해 필기를 할 때 간헐적으로 의도하지 않은 선들이 동시다발적으로 그려지거나, 선들이 그려지지 않더라도 상단의 있는 메뉴바에 원하지 않은 터치가 인식되는 현상을 말합니다. 이러한 현상은 굿노트를 사용할 때 수시로 일어나며 필기할 때 약 30%정도의 빈도로 나타나고 있습니다. 이 현상의 원인을 찾아보고자 여러가지 실험과 다음과 같은 노력을 해봤습니다. 1. 접지가 되어있지 않은 아이패드 기본 충전기를 사용해 충전해서이다. > 접지가 되는 충전기를 따로 구매해 사용해 보았고, 주변에 전기가 통할 만한 것들이 전혀 없음에도 불고하고 해결되지 않음. 2. 아이패드 부속 액세서리 사용과 관련한 문제이다. ex. 케이스, 펜촉팁 등 > 부속 액세서리를 착용하지 않은 상태에서 필기를 해보았지만, 해결되지 않음 또한 애플펜슬의 새로운 정품 펜촉을 사서 끼워봤지만 역시 해결불가. 3. 아이패드를 기울여서 사용하기 때문이다. > 기울지 않고 평평한 상태에서 사용해보았지만, 해결되지 않음                                                           아직도 문제를 찾기 위해 노력중이고, 지금까지의 경험으로 관찰해본 결과 1. 필기 인식오류가 단지 펜슬에만 국한되지 않고, 손으로 터치할 때도 버벅인다는 점, 2. 필기오류의 빈도가 굿노트의 사용시간과 비례하다고 느껴지는 것으로보아 단순히 아이패드만의 문제가 아닌 굿노트의 소프트웨어의 문제로 생각이 됩니다. 따라서 굿노트 어플의 문제진단을 통해 신속히 해결해주셨으면 감사하겠습니다."
ㅕㅈㅎ어ㅐㄴ,2022-05-23 04:22:13-07:00,1,0,사용하다가 화가네요,구매해서 사용하고 있었는데 아니 정말 어이없게 변환을 하면  이게 일자로 가야 하는데 위로 올라가더라구요 그 처음부터 그랬던 건 아닌데 구매를 하고 나서 그런 거 같아요 키보드 문제인 거 같아서 다른 걸로도 해 보고 손글씨로 쳐서 번만 더 해 봤는데 똑같이 전부다 계속 위로 올라가요 이게 그냥 쓰면 상관이 없는데 제가 모눈종이에 사용을 해서 이게 굉장히 불편 하더라구요 이게 생각보다 정말 거슬려요 이거 좀 어떻게 해줬으면 좋겠네요
merueon,2022-05-23 01:36:26-07:00,2,1,굿노트 필기 오류,작년까진 괜찮았는데 올해 들어서 계속 필기 할때마다 멋대로 선 그어지고 마음대로 지워져서 필기하다가 너무 화가 납니다. 애플펜슬 펜촉까지 정품으로 바꿨는데도 똑같은 증상이 반복해서 나타납니다. 오류 좀 개선해주세요
"@,-,@",2022-05-22 21:39:17-07:00,4,0,2페이지씩 보는 기능이 지원되면 더 좋을거같아요..,2페이지씩 보는 기능이 지원되면 더 좋을거같아요..
중ct,2022-05-22 21:38:23-07:00,4,1,스크롤바,오른쪽에 째까난 스크롤바가 계속 필기만하려고하면 지혼자 눌려서 난리를 칩니다;; 스크롤바 왼쪽으로 옮길수있게해주세요
YJO9,2022-05-22 20:21:30-07:00,1,1,이딴게 유료라니,"수업 녹음파일 들으면서 몇시간동안 공들여서 내용 정리한거 다 날아감ㅋㅋㅋㅋㅋ 장난하나 진짜.. 너무 빡쳐서 눈물날거같다..
다시 다 들어야되는데 개빡치네 내 시간ㅋㅋ 공부해야 되는데 짜증나서 못 하겠다"
호흡금지,2022-05-22 14:20:38-07:00,5,0,기화펜,"기회펜 기능 추가 되면 더더욱 좋을 것 같습니다!
예를 들면 글을 쓴지 2시간 뒤에 사라진다는 기능 같은거요!"
갈갈갈갈가,2022-05-22 09:03:16-07:00,5,0,잘 쓰고있습니다,화면비율 고정기능과 현재 화면비율이 몇 퍼센트인지 수시로 확인할 수 있게 해주세요
뀽ㄱ,2022-05-22 05:51:42-07:00,1,1,최악,툭하면 멈추고 단어 뜻 찾으려 정의 누르면 앱이 그냥 강제 다운됨. 그리고 필기하려고 확대하면 화질 좃구려졌다가 지 혼자 다른 화면으로 옮겨짐 내가 만지지 않아도 그럼 ㅋㅋ 어플 개좃대로 만들어놓고 안정성 제대로 구현 안하냐? 니들은 유료 어플 한 번 팔면 다임? 어이가 없어서 좀 고쳐 오류가ㅜ샹기면;; 내가 돈내고도 개빡쳐해야돼?;;
Ntwtntwt,2022-05-22 03:19:34-07:00,5,0,좋아요(추가할점),다좋습니다! 추가로 하면 좋을것은 폴더 색을 바꿀 수 있게 하는 기능을 추가 하면 좋을 것 같네요
ㅇㅌㅍㅍ,2022-05-22 02:29:04-07:00,5,1,필기오류,"안녕하세요
평소에 굿노트 잘 이용하고있습니다
요즘 필기하는데 굿노트에서만 유독 필기오류가 많이납니다. 
선이 끊기고 자기멋대로 나갑니다. 
다른 앱에서는 문제가없었습니다.
애플펜슬자체에도 문제가 없는것으로 보입니다.

확인부탁드립니다"
yoongdu,2022-05-22 01:52:50-07:00,1,0,필기가 자꾸 사라져요,"필기 중에 몇 페이지가 자꾸 산발적으로 사라져요ㅠㅠㅠ진짜 미치겠어요
한장한장 필기 만드는데 얼마나 오래 걸리는데..허ㅏ... 차라리 첨부터 오류나면 상관없겠는데 다 완성해놓고, 제대로 되어있는거 확인한 후에 다음날 보면 몇몇 페이지는 사라져있고 이런식이에요 아"
간디요망,2022-05-21 23:00:06-07:00,1,1,저장공간 늘었어요,갑자기 두배 가까이 용량이 뻥튀기 되었어요 이거 휴지통도 비웠고 며칠전에만 해도 안그랬는데 외이러죠?
진짜개빡챠,2022-05-21 07:53:24-07:00,5,0,플렉슬 쓰다가 굿노트도 써보고 싶어서 건너왔는데요,두 페이지 보기 기능이 있으면 좋겠습니다 ㅜㅜ 그리고 폴더별 색상을 다르게 할 수 있도록 색상지정 기능 추가와 펜 종류 추가도 부탁드려요
ehddn2108@,2022-05-21 02:55:36-07:00,5,0,오류있습니다.,1년째 잘쓰고 있는데 최근 오류가 있어서 리뷰 남깁니다. 문서 확대 축소가 안되고 화면 고정이 되는 오류가 발생하네요. 문서를 나갔다 들어오면 다시 잘됩니다. 하루에 몇번씩 이러니 신경쓰입니다. 빠른 해결 부탁드려요.
Hyeon440112,2022-05-20 09:58:12-07:00,3,0,pdf파일이 안떠요…,플렉슬에는 1초만에 업로드 되는데 굿노트에는 모든 화면이 하얗게 되면서 안떠요…
imchooo,2022-05-20 06:43:36-07:00,1,0,불러오기 버튼눌려도 안불러와져요,아
gydms0410,2022-05-20 04:34:49-07:00,4,0,필기오류 조속히 해결해주세요,"다른분들이랑 증상 또옥같구요. 애플센터를 지금 3번째 갔다왔는데 다른 어떤 앱에서도 딜레이가 안되는 게 goodnotes 5에서만 됩니다 진짜 고3이라 저장해놓은 문서가 너무 많아서 이런가싶어서 수능특강, 완성 전부다 지우고 노트하나만 쓰는 데 왜이럴까요 제발 빨리 고쳐주세요.."
Seung26,2022-05-19 23:01:20-07:00,1,0,"최적화 제로, 버그투성이, 편의성 제로","최적화 제로, 버그투성이, 편의성 제로

기대가 산산조각"
아345!#%,2022-05-19 22:47:10-07:00,2,0,에러,"요즘 들어 굿노트 에러 발생이 심합니다. 
페이지 추가도 바로 안되고 꼭 앱 종료하고 다시 열여야 하고, 
T박스 자체 편집 에러도 잦습니다. 
빨리 고쳐주세요.ㅠㅠ"
반박은현찰로,2022-05-19 22:03:24-07:00,2,0,펜 삐침 고쳐 주실 때 되지 않았나요?,편하게 쓰고 있는 건 맞지만 펜 삐침 너무 심합니다
연비링,2022-05-19 18:58:31-07:00,3,0,아이패드 필기앱 중에 그나마 나아서 쓰고 있는데,요즘 필기 오류가 너무 심해서 점점 쓰기가 싫어집니다. 삐침도 여전히 심하고 갑자기 터치하지도 않았는데 다른 노트로 화면이 바뀌고.. 지우개가 지 혼자 움직여서 위에 있던 필기를 지우지 않나… 별롭니다.
